topic,subtopic,name,equation_latex,description_from_image,formula_in_plain_english,description_from_gemini,sympy_formula
Physical Fundamentals of Mechanics,Kinematics,Average Velocity Vector,\langle \mathbf{v} \rangle = \frac{\Delta \mathbf{r}}{\Delta t},Average vectors of velocity and acceleration of a point: where $\Delta \mathbf{r}$ is the displacement vector (an increment of a radius vector).,The average velocity vector is equal to the change in the position vector divided by the change in time.,"This formula defines the average velocity vector as the total displacement divided by the total time taken. It represents the overall rate and direction of change in position over a time interval, not the instantaneous velocity.","Eq(v_avg_vec, Delta_r_vec/Delta_t)"
Physical Fundamentals of Mechanics,Kinematics,Average Acceleration Vector,\langle \mathbf{w} \rangle = \frac{\Delta \mathbf{v}}{\Delta t},Average vectors of velocity and acceleration of a point:,The average acceleration vector is equal to the change in the velocity vector divided by the change in time.,This formula defines the average acceleration vector as the total change in velocity divided by the total time taken. It describes the overall rate and direction of change in velocity over a time interval.,"Eq(w_avg_vec, Delta_v_vec/Delta_t)"
Physical Fundamentals of Mechanics,Kinematics,Instantaneous Velocity Vector,\mathbf{v} = \frac{d\mathbf{r}}{dt},Velocity and acceleration of a point:,The instantaneous velocity vector is the time derivative of the position vector.,This formula defines the instantaneous velocity vector as the derivative of the position vector with respect to time. It gives the exact velocity (speed and direction) of a point at a specific moment.,"Eq(v_vec, Derivative(r_vec, t))"
Physical Fundamentals of Mechanics,Kinematics,Instantaneous Acceleration Vector,\mathbf{w} = \frac{d\mathbf{v}}{dt},Velocity and acceleration of a point:,The instantaneous acceleration vector is the time derivative of the velocity vector.,This formula defines the instantaneous acceleration vector as the derivative of the velocity vector with respect to time. It gives the exact acceleration (rate of change of velocity) of a point at a specific moment.,"Eq(w_vec, Derivative(v_vec, t))"
Physical Fundamentals of Mechanics,Kinematics,Tangential Acceleration,w_{\tau} = \frac{dv_{\tau}}{dt},Acceleration of a point expressed in projections on the tangent and the normal to a trajectory: where $R$ is the radius of curvature of the trajectory at the given point.,The tangential component of acceleration is the time derivative of the tangential component of velocity.,"This formula defines the tangential component of acceleration, which is responsible for changing the magnitude (speed) of the velocity vector. It is the rate of change of the speed along the trajectory.","Eq(w_tau, Derivative(v_tau, t))"
Physical Fundamentals of Mechanics,Kinematics,Normal (Centripetal) Acceleration,w_{n} = \frac{v^{2}}{R},Acceleration of a point expressed in projections on the tangent and the normal to a trajectory: where $R$ is the radius of curvature of the trajectory at the given point.,The normal component of acceleration is equal to the square of the speed divided by the radius of curvature.,"This formula defines the normal (or centripetal) component of acceleration, which is responsible for changing the direction of the velocity vector. It points towards the center of curvature and is essential for circular or curved motion.","Eq(w_n, v**2/R)"
Physical Fundamentals of Mechanics,Kinematics,Distance Covered,"s = \int v \, dt",Distance covered by a point: where $v$ is the *modulus* of the velocity vector of a point.,The distance covered is the integral of the speed with respect to time.,"This formula calculates the total distance traveled by a point by integrating its speed (the magnitude of its velocity) over time. It accounts for the path length, regardless of direction changes.","Eq(s, Integral(v, t))"
Physical Fundamentals of Mechanics,Kinematics,Angular Velocity Vector,\boldsymbol{\omega} = \frac{d\boldsymbol{\varphi}}{dt},Angular velocity and angular acceleration of a solid body:,The angular velocity vector is the time derivative of the angular displacement vector.,This formula defines the instantaneous angular velocity vector as the rate of change of the angular displacement vector. It describes how fast and in what direction a body is rotating.,"Eq(omega_vec, Derivative(phi_vec, t))"
Physical Fundamentals of Mechanics,Kinematics,Angular Acceleration Vector,\boldsymbol{\beta} = \frac{d\boldsymbol{\omega}}{dt},Angular velocity and angular acceleration of a solid body:,The angular acceleration vector is the time derivative of the angular velocity vector.,This formula defines the instantaneous angular acceleration vector as the rate of change of the angular velocity vector. It describes how fast the angular velocity of a rotating body is changing.,"Eq(beta_vec, Derivative(omega_vec, t))"
Physical Fundamentals of Mechanics,Kinematics,Linear Velocity from Angular Velocity,\mathbf{v} = [\boldsymbol{\omega}\mathbf{r}],"Relation between linear and angular quantities for a rotating solid body: where $\mathbf{r}$ is the radius vector of the considered point relative to an arbitrary point on the rotation axis, and $R$ is the distance from the rotation axis.",The linear velocity vector is the vector cross product of the angular velocity vector and the position vector.,This formula relates the linear velocity of a point in a rotating body to its angular velocity and its position vector relative to the axis of rotation. The square brackets denote the vector cross product.,"Eq(v_vec, Cross(omega_vec, r_vec))"
Physical Fundamentals of Mechanics,Kinematics,Normal Acceleration from Angular Velocity,w_{n} = \omega^{2}R,Relation between linear and angular quantities for a rotating solid body: where $R$ is the distance from the rotation axis.,The normal component of acceleration is equal to the square of the angular speed multiplied by the distance from the rotation axis.,"This formula provides an alternative way to calculate the normal (centripetal) acceleration for a point in a rotating body, using its angular speed and its perpendicular distance from the axis of rotation.","Eq(w_n, omega**2*R)"
Physical Fundamentals of Mechanics,Kinematics,Tangential Acceleration from Angular Acceleration,|w_{\tau}| = \beta R,Relation between linear and angular quantities for a rotating solid body: where $R$ is the distance from the rotation axis.,The magnitude of the tangential component of acceleration is equal to the angular acceleration multiplied by the distance from the rotation axis.,This formula relates the magnitude of the tangential acceleration of a point in a rotating body to its angular acceleration and its perpendicular distance from the axis of rotation. It describes the component of acceleration that changes the linear speed.,"Eq(Abs(w_tau), beta*R)"
Physical Fundamentals of Mechanics,The Fundamental Equation of Dynamics,Newton's Second Law,m \frac{d\mathbf{v}}{dt} = \mathbf{F},The fundamental equation of dynamics of a mass point (Newton's second law),Mass times the time derivative of the velocity vector equals the net force vector.,"This fundamental law of classical mechanics states that the net force acting on an object is directly proportional to the rate of change of its momentum, or, for a constant mass, equal to the product of its mass and acceleration. It describes how an object's motion changes in response to external forces and is used to analyze the dynamics of objects in inertial reference frames.","Eq(m * Derivative(v_vec, t), F_vec)"
Physical Fundamentals of Mechanics,The Fundamental Equation of Dynamics,Tangential Component of Newton's Second Law,m \frac{dv_{\tau}}{dt} = F_{\tau},The same equation expressed in projections on the tangent and the normal of the point's trajectory,Mass times the time derivative of the tangential speed equals the tangential component of the net force.,This equation describes the component of Newton's second law that governs the change in an object's speed along its path. The tangential force causes the object to speed up or slow down. It is used in curvilinear motion analysis to determine how the magnitude of velocity changes.,"Eq(m * Derivative(v_tau, t), F_tau)"
Physical Fundamentals of Mechanics,The Fundamental Equation of Dynamics,Normal Component of Newton's Second Law (Centripetal Force),m \frac{v^2}{R} = F_n,The same equation expressed in projections on the tangent and the normal of the point's trajectory,Mass times the square of the speed divided by the radius of curvature equals the normal component of the net force.,"This equation describes the component of Newton's second law that governs the change in an object's direction. The normal force, also known as centripetal force, acts perpendicular to the trajectory, towards the center of curvature, and is responsible for keeping the object on its curved path. It is crucial for analyzing circular and curvilinear motion.","Eq(m * v**2 / R, F_n)"
Physical Fundamentals of Mechanics,The Fundamental Equation of Dynamics,Equation of Dynamics in a Non-Inertial Frame,m\mathbf{w}' = \mathbf{F} - m\mathbf{w}_0 + m\omega^2\mathbf{R} + 2m[\mathbf{v}'\omega],The equation of dynamics of a point in the non-inertial reference frame $K'$ which rotates with a constant angular velocity $\omega$ about an axis translating with an acceleration $\mathbf{w}_0$,Mass times the acceleration in the rotating frame equals the real force minus mass times the acceleration of the origin plus the centrifugal force term plus the Coriolis force term.,"This equation extends Newton's second law to non-inertial reference frames, specifically those that are both translating and rotating. It includes fictitious forces: -m*w_0 (due to the translation of the frame's origin), m*omega^2*R (centrifugal force, acting radially outward from the axis of rotation), and 2m*[v'*omega] (Coriolis force, perpendicular to both velocity and angular velocity). It is used to analyze motion in systems like the Earth (rotating) or accelerating vehicles.","Eq(m * w_prime_vec, F_vec - m * w_0_vec + m * (omega_vec.dot(omega_vec)) * R_vec + 2 * m * v_prime_vec.cross(omega_vec))"
Physical Fundamentals of Mechanics,"Laws of Conservation of Energy, Momentum, and Angular Momentum",Work done by a force (vector form),"A = \int \mathbf{F} \, d\mathbf{r}",Work of the force $\mathbf{F}$,Work A is equal to the line integral of the dot product of force vector F and infinitesimal displacement vector dr.,This formula defines the work done by a force $\mathbf{F}$ as a particle moves along a path. It is calculated as the line integral of the force vector dotted with the infinitesimal displacement vector. It quantifies the energy transferred by the force over a displacement.,"Eq(A, Integral(F_dot_dr_scalar_integrand, path_variable))"
Physical Fundamentals of Mechanics,"Laws of Conservation of Energy, Momentum, and Angular Momentum",Work done by a force (scalar form),"A = \int F_s \, ds",Work of the force $\mathbf{F}$,Work A is equal to the integral of the scalar component of force F_s along the path ds.,This formula defines the work done by a force $\mathbf{F}$ as a particle moves along a path. It calculates work by integrating the component of the force acting along the direction of displacement ($F_s$) over the path length ($s$). It's useful when the force direction relative to the path is known.,"Eq(A, Integral(F_s, s))"
Physical Fundamentals of Mechanics,"Laws of Conservation of Energy, Momentum, and Angular Momentum",Power of a force,P = \mathbf{F}\mathbf{v},Power of the force $\mathbf{F}$,Power P is equal to the dot product of the force vector F and the velocity vector v.,This formula defines the instantaneous power delivered by a force $\mathbf{F}$ acting on an object moving with velocity $\mathbf{v}$. Power is the rate at which work is done or energy is transferred. It is used to calculate how quickly energy is being supplied or removed from a system.,"Eq(P, F_dot_v_scalar_product)"
Physical Fundamentals of Mechanics,"Laws of Conservation of Energy, Momentum, and Angular Momentum",Work-energy theorem (kinetic energy),T_2 - T_1 = A,Increment of the kinetic energy of a particle,"The change in kinetic energy, T2 minus T1, is equal to the work A performed by all forces.",This is the work-energy theorem for a particle. It states that the net work done on a particle by all forces acting on it is equal to the change in its kinetic energy. It's used to relate forces and displacement to changes in motion.,"Eq(T2 - T1, A)"
Physical Fundamentals of Mechanics,"Laws of Conservation of Energy, Momentum, and Angular Momentum",Work done by conservative forces,A = U_1 - U_2,Work performed by the forces of a field is equal to the decrease of the potential energy of a particle in the given field,Work A is equal to the initial potential energy U1 minus the final potential energy U2.,"This formula relates the work done by a conservative force (like gravity or an electrostatic force) to the change in potential energy. The work done by such a force is equal to the negative of the change in potential energy, or the decrease in potential energy. It's used to calculate work when potential energy is defined.","Eq(A, U1 - U2)"
Physical Fundamentals of Mechanics,"Laws of Conservation of Energy, Momentum, and Angular Momentum",Force from potential energy,\mathbf{F} = -\nabla U,Relationship between the force of a field and the potential energy of a particle in the field,The force vector F is equal to the negative gradient of the potential energy U.,This fundamental relationship states that a conservative force field $\mathbf{F}$ can be derived from a scalar potential energy function $U$. The force points in the direction of the steepest decrease in potential energy. It's used to find the force acting on a particle if its potential energy function is known.,"Eq(F_vec, -gradient_U_vec)"
Physical Fundamentals of Mechanics,"Laws of Conservation of Energy, Momentum, and Angular Momentum",Change in total mechanical energy (particle),E_2 - E_1 = A_{extr},Increment of the total mechanical energy of a particle in a given potential field,"The change in total mechanical energy, E2 minus E1, is equal to the work A_extr performed by all extraneous forces.","This formula describes the change in the total mechanical energy (kinetic + potential) of a particle in a potential field. The change is equal to the work done by non-conservative or ""extraneous"" forces, meaning forces not associated with the defined potential energy. It's used to analyze energy conservation when external non-conservative forces are present.","Eq(E2 - E1, A_extr)"
Physical Fundamentals of Mechanics,"Laws of Conservation of Energy, Momentum, and Angular Momentum",Change in total mechanical energy (system),E_2 - E_1 = A_{ext} + A_{int}^{noncons},Increment of the total mechanical energy of a system,"The change in total mechanical energy of a system, E2 minus E1, is equal to the sum of the work done by external forces A_ext and the work done by internal non-conservative forces A_int_noncons.","This formula extends the concept of mechanical energy change to a system of particles. The change in the system's total mechanical energy is due to work done by external forces and work done by internal non-conservative forces (e.g., friction between system components). It's used for energy analysis of multi-particle systems.","Eq(E2 - E1, A_ext + A_int_noncons)"
Physical Fundamentals of Mechanics,"Laws of Conservation of Energy, Momentum, and Angular Momentum",Newton's second law (momentum form),d\mathbf{p}/dt = \mathbf{F},Law of momentum variation of a system,The time rate of change of the total momentum vector p is equal to the net external force vector F.,"This is Newton's second law expressed in terms of momentum. It states that the net external force acting on a system is equal to the rate of change of its total momentum. It's a fundamental principle used to analyze the motion of objects and systems, especially in situations involving variable mass or collisions.","Eq(Derivative(p_vec, t), F_vec)"
Physical Fundamentals of Mechanics,"Laws of Conservation of Energy, Momentum, and Angular Momentum",Equation of motion for center of mass,m \frac{d\mathbf{v}_C}{dt} = \mathbf{F},Equation of motion of the system’s centre of inertia,The total mass m multiplied by the time rate of change of the velocity vector of the center of mass v_C is equal to the net external force vector F.,This equation describes the motion of the center of mass (or center of inertia) of a system of particles. It states that the total mass of the system times the acceleration of its center of mass is equal to the net external force acting on the system. It simplifies the analysis of complex systems by treating them as a single point mass at the center of mass.,"Eq(m * Derivative(v_C_vec, t), F_vec)"
Physical Fundamentals of Mechanics,"Laws of Conservation of Energy, Momentum, and Angular Momentum",Kinetic energy of a system,T = \widetilde{T} + \frac{mv_C^2}{2},Kinetic energy of a system,The total kinetic energy T of a system is equal to the kinetic energy relative to the center of inertia T_tilde plus one-half times the total mass m times the square of the velocity of the center of mass v_C.,"This formula decomposes the total kinetic energy of a system into two parts: the kinetic energy of motion relative to the center of mass ($\widetilde{T}$) and the kinetic energy of the center of mass itself. It's useful for analyzing systems where both internal motion and overall translation are important, such as rotating and translating rigid bodies.","Eq(T, T_tilde + m * v_C**2 / 2)"
Physical Fundamentals of Mechanics,"Laws of Conservation of Energy, Momentum, and Angular Momentum",Equation of motion for variable mass system,m \frac{d\mathbf{v}}{dt} = \mathbf{F} + \frac{dm}{dt} \mathbf{u},Equation of dynamics of a body with variable mass,The mass m multiplied by the time rate of change of the velocity vector v is equal to the net external force vector F plus the time rate of change of mass dm/dt multiplied by the relative velocity vector u of the separated or gained substance.,"This is the Tsiolkovsky rocket equation (or more generally, the equation of motion for a variable mass system). It accounts for the change in momentum due to mass being ejected from (or added to) the system. The term $(dm/dt)\mathbf{u}$ represents the thrust force (or drag force if mass is gained). It's crucial for analyzing rockets, jets, and other systems where mass changes over time.","Eq(m * Derivative(v_vec, t), F_vec + Derivative(m, t) * u_vec)"
Physical Fundamentals of Mechanics,"Laws of Conservation of Energy, Momentum, and Angular Momentum",Law of angular momentum variation,\frac{d\mathbf{M}}{dt} = \mathbf{N},"where $\mathbf{M}$ is the angular momentum of the system, and $\mathbf{N}$ is the total moment of all external forces.",The time rate of change of the angular momentum of a system is equal to the total moment of all external forces acting on the system.,"This equation, often referred to as the angular impulse-momentum theorem or rotational form of Newton's second law, states that the net external torque ($\mathbf{N}$) acting on a system is equal to the rate of change of its total angular momentum ($\mathbf{M}$). It is fundamental for analyzing the rotational dynamics of rigid bodies and systems of particles, particularly when external torques cause changes in their rotational state.","from sympy import Symbol, Eq, Derivative; M = Symbol('M'); t = Symbol('t'); N = Symbol('N'); Eq(Derivative(M, t), N)"
Physical Fundamentals of Mechanics,"Laws of Conservation of Energy, Momentum, and Angular Momentum",Angular momentum of a system (relative to center of inertia),\mathbf{M} = \bar{\mathbf{M}} + [\mathbf{r}_C \mathbf{p}],"where $\bar{\mathbf{M}}$ is its angular momentum in the system of the centre of inertia, $\mathbf{r}_C$ is the radius vector of the centre of inertia, and $\mathbf{p}$ is the momentum of the system.",The total angular momentum of a system about an origin is the sum of its angular momentum about its center of mass and the angular momentum of the center of mass itself about the same origin.,"This formula, often called the angular momentum decomposition theorem or a rotational analogue of the parallel axis theorem, expresses the total angular momentum ($\mathbf{M}$) of a system about an arbitrary origin as the sum of two components: the angular momentum relative to the center of mass ($\bar{\mathbf{M}}$) and the angular momentum of the center of mass treated as a point particle about the origin ($[\mathbf{r}_C \mathbf{p}]$). It is crucial for simplifying calculations of angular momentum for complex systems by separating the motion relative to the center of mass from the motion of the center of mass itself.","from sympy import Eq; from sympy.physics.vector import Vector, cross; M_sym = Vector('M'); M_bar_sym = Vector('M_bar'); r_C_sym = Vector('r_C'); p_sym = Vector('p'); Eq(M_sym, M_bar_sym + cross(r_C_sym, p_sym))"
Physical Fundamentals of Mechanics,Universal Gravitation,Universal Gravitation Law,F = \gamma \frac{m_1 m_2}{r^2},Universal gravitation law,"Force equals gravitational constant times mass one times mass two, divided by the square of the distance between them.","This formula describes the attractive gravitational force (F) between two point masses, m1 and m2, separated by a distance r. gamma is the gravitational constant. It is used to calculate the gravitational attraction between any two objects with mass.","Eq(F, gamma * m1 * m2 / r_dist**2)"
Physical Fundamentals of Mechanics,Universal Gravitation,Kepler's Third Law,T^2 \propto a^3,Kepler's Third Law: The squares of the periods of revolution of planets are proportional to the cubes of the major semiaxes of their orbits.,The square of the orbital period is proportional to the cube of the semi-major axis of the orbit.,"This law states that for any two planets orbiting the same central body, the ratio of the squares of their orbital periods (T) to the cubes of their semi-major axes (a) is constant. It is used to relate the orbital period of a planet to the size of its orbit.","Eq(T**2, k * a**3)"
Physical Fundamentals of Mechanics,Universal Gravitation,Gravitational Field Strength,G = - \gamma \frac{m}{r^3} r,Strength G and potential φ of the gravitational field of a mass point,"Gravitational field strength vector G equals negative gravitational constant times mass m, divided by the cube of the magnitude of the position vector r, multiplied by the position vector r.","This formula describes the gravitational field strength (G, a vector) at a point due to a point mass m. gamma is the gravitational constant, r is the position vector from the mass to the point, and r^3 implies the cube of its magnitude. It is used to determine the gravitational force experienced by a test mass in the field.","Eq(G_field_vec, -gamma * m_source / r_mag**3 * r_vec)"
Physical Fundamentals of Mechanics,Universal Gravitation,Gravitational Potential,\varphi = - \gamma \frac{m}{r},Strength G and potential φ of the gravitational field of a mass point,"Gravitational potential phi equals negative gravitational constant times mass m, divided by the distance r.","This formula describes the gravitational potential energy per unit mass (φ, a scalar) at a distance r from a point mass m. gamma is the gravitational constant. It is used to calculate the potential energy of an object in a gravitational field.","Eq(phi, -gamma * m_source / r_dist)"
Physical Fundamentals of Mechanics,Universal Gravitation,Orbital Velocity (First Cosmic Velocity),v_1 = \sqrt{g R},Orbital and escape velocities,Orbital velocity v1 equals the square root of gravitational acceleration g times radius R.,"This formula calculates the minimum velocity (v1) required for an object to maintain a stable circular orbit just above the surface of a celestial body, where g is the surface gravity and R is the body's radius. It is also known as the first cosmic velocity.","Eq(v1, sqrt(g * R_radius))"
Physical Fundamentals of Mechanics,Universal Gravitation,Escape Velocity (Second Cosmic Velocity),v_2 = \sqrt{2} v_1,Orbital and escape velocities,Escape velocity v2 equals square root of two times orbital velocity v1.,This formula relates the escape velocity (v2) to the orbital velocity (v1). Escape velocity is the minimum speed an object needs to break free from the gravitational pull of a massive body without further propulsion. It is also known as the second cosmic velocity.,"Eq(v2, sqrt(2) * v1)"
Physical Fundamentals of Mechanics,Dynamics of a Solid Body,Equation of Rotational Dynamics,I \beta_z = N_z,"Equation of dynamics of a solid body rotating about a stationary axis $z$, where $N_z$ is the algebraic sum of the moments of external forces relative to the $z$ axis.",The moment of inertia times the angular acceleration about the z-axis equals the net torque about the z-axis.,"This equation describes the rotational motion of a rigid body about a fixed axis. It's the rotational analogue of Newton's second law ($F=ma$), relating the net torque ($N_z$) to the angular acceleration ($eta_z$) through the moment of inertia ($I$). It's used to analyze how torques cause changes in angular velocity.","Eq(I * beta_z, N_z)"
Physical Fundamentals of Mechanics,Dynamics of a Solid Body,Steiner's Theorem (Parallel Axis Theorem),I = I_C + m a^2,According to Steiner's theorem.,The moment of inertia about any axis is equal to the moment of inertia about a parallel axis through the center of mass plus the product of the mass and the square of the distance between the two axes.,"Steiner's theorem, also known as the Parallel Axis Theorem, allows calculating the moment of inertia ($I$) of a rigid body about any axis, given its moment of inertia ($I_C$) about a parallel axis passing through its center of mass, its mass ($m$), and the perpendicular distance ($a$) between the two axes. It's useful for simplifying calculations of moments of inertia for complex systems or when the axis of rotation is not through the center of mass.","Eq(I, I_C + m * a**2)"
Physical Fundamentals of Mechanics,Dynamics of a Solid Body,Rotational Kinetic Energy,T = \frac{1}{2} I \omega^2,Kinetic energy of a solid body rotating about a stationary axis.,The kinetic energy of a rotating body is one-half times its moment of inertia times the square of its angular velocity.,"This formula calculates the kinetic energy ($T$) of a rigid body rotating about a fixed axis. It's the rotational analogue of translational kinetic energy ($\frac{1}{2}mv^2$), where moment of inertia ($I$) replaces mass and angular velocity ($\omega$) replaces linear velocity. It's used to analyze energy conservation in rotational systems.","Eq(T, S(1)/2 * I * omega**2)"
Physical Fundamentals of Mechanics,Dynamics of a Solid Body,Work Done by Torque,"A = \int N_z \, d\varphi",Work performed by external forces during the rotation of a solid body about a stationary axis.,The work done is the integral of the torque about the z-axis with respect to the angular displacement.,"This equation defines the work ($A$) done by a variable torque ($N_z$) acting on a rotating body as it undergoes an angular displacement ($d\varphi$). It's the rotational analogue of work done by a force ($W = \int F \, dx$). It's used to calculate energy transfer due to rotational forces.","Eq(A, Integral(N_z, phi))"
Physical Fundamentals of Mechanics,Dynamics of a Solid Body,Kinetic Energy in Plane Motion,T = \frac{I_C \omega^2}{2} + \frac{m v_C^2}{2},Kinetic energy of a solid body in plane motion.,The total kinetic energy of a body in plane motion is the sum of its rotational kinetic energy about its center of mass and its translational kinetic energy of its center of mass.,"This formula describes the total kinetic energy ($T$) of a rigid body undergoing general plane motion. It states that the total kinetic energy is the sum of the kinetic energy due to rotation about its center of mass ($I_C \omega^2 / 2$) and the kinetic energy due to the translation of its center of mass ($m v_C^2 / 2$). It's crucial for analyzing the energy of objects that are both rotating and translating, like a rolling wheel.","Eq(T, S(1)/2 * I_C * omega**2 + S(1)/2 * m * v_C**2)"
Physical Fundamentals of Mechanics,Dynamics of a Solid Body,Gyroscopic Precession Equation,[\omega' \mathbf{M}] = \mathbf{N},"Relationship between the angular velocity $\omega'$ of gyroscope precession, its angular momentum $\mathbf{M}$ equal to $I\omega$, and the moment $\mathbf{N}$ of the external forces.",The vector cross product of the precession angular velocity and the angular momentum vector equals the external torque vector.,"This equation describes the precession of a gyroscope. It states that the external torque ($\mathbf{N}$) acting on a gyroscope is equal to the vector cross product of its precession angular velocity ($\omega'$) and its angular momentum ($\mathbf{M}$). This relationship explains why a spinning top or gyroscope precesses when subjected to a torque, rather than simply falling over.","Eq(cross(omega_prime, M), N)"
Physical Fundamentals of Mechanics,Elastic Deformations of a Solid Body,Hooke's Law for Tensile/Compressive Strain,\varepsilon = \sigma / E,Relation between tensile (compressive) strain $\varepsilon$ and stress $\sigma$. where $E$ is Young's modulus.,Strain equals stress divided by Young's modulus.,"This formula describes Hooke's Law for elastic deformation, stating that the tensile or compressive strain ($\varepsilon$) in a material is directly proportional to the applied stress ($\sigma$) and inversely proportional to Young's modulus ($E$). It's used to calculate the deformation of a material under axial load within its elastic limit.","Eq(varepsilon, sigma / E)"
Physical Fundamentals of Mechanics,Elastic Deformations of a Solid Body,Poisson's Ratio Relation,\varepsilon' = -\mu\varepsilon,Relation between lateral compressive (tensile) strain $\varepsilon'$ and longitudinal tensile (compressive) strain $\varepsilon$. where $\mu$ is Poisson's ratio.,Lateral strain equals negative Poisson's ratio times longitudinal strain.,"This formula defines the relationship between lateral strain ($\varepsilon'$) and longitudinal strain ($\varepsilon$) through Poisson's ratio ($\mu$). It indicates that when a material is stretched or compressed in one direction, it tends to contract or expand in the perpendicular directions, respectively. The negative sign signifies that tensile longitudinal strain causes compressive lateral strain, and vice-versa. It's used to predict dimensional changes in materials under uniaxial stress.","Eq(varepsilon_prime, -mu * varepsilon)"
Physical Fundamentals of Mechanics,Elastic Deformations of a Solid Body,Hooke's Law for Shear Strain,\gamma = \tau / G,Relation between shear strain $\gamma$ and tangential stress $\tau$. where $G$ is shear modulus.,Shear strain equals tangential stress divided by shear modulus.,"This formula describes Hooke's Law for shear deformation, stating that shear strain ($\gamma$) is directly proportional to the tangential (shear) stress ($\tau$) and inversely proportional to the shear modulus ($G$). It's used to calculate the angular deformation of a material subjected to shear forces within its elastic limit.","Eq(gamma, tau / G)"
Physical Fundamentals of Mechanics,Elastic Deformations of a Solid Body,Compressibility,\beta = -\frac{1}{V} \frac{dV}{d\rho},Compressibility.,Compressibility equals negative one over volume times the derivative of volume with respect to rho.,"This formula defines compressibility ($\beta$) as the negative fractional change in volume ($V$) with respect to a change in $\rho$. The exact nature of $\rho$ is not specified in the provided text, but typically compressibility relates to changes in volume due to pressure. If $\rho$ represents pressure, this formula quantifies how much a material's volume changes under pressure.","Eq(beta, - (1/V) * Derivative(V, rho))"
Physical Fundamentals of Mechanics,Elastic Deformations of a Solid Body,Volume Density of Elastic Strain Energy (Tensile/Compressive),u = E\varepsilon^2/2,Volume density of elastic strain energy.,"Volume density of elastic strain energy equals Young's modulus times strain squared, divided by two.",This formula calculates the elastic strain energy stored per unit volume ($u$) in a material undergoing tensile or compressive deformation. It's derived from the area under the stress-strain curve within the elastic region and is used to quantify the energy absorbed by a material when it deforms elastically.,"Eq(u, E * varepsilon**2 / 2)"
Physical Fundamentals of Mechanics,Elastic Deformations of a Solid Body,Volume Density of Elastic Strain Energy (Shear),u = G\gamma^2/2,Volume density of elastic strain energy.,"Volume density of elastic strain energy equals shear modulus times shear strain squared, divided by two.","This formula calculates the elastic strain energy stored per unit volume ($u$) in a material undergoing shear deformation. Similar to tensile/compressive strain energy, it represents the energy absorbed by the material due to shear forces within its elastic limit.","Eq(u, G * gamma**2 / 2)"
Physical Fundamentals of Mechanics,Hydrodynamics,Eulerian Equation of Hydrodynamics,\rho \frac{d\mathbf{v}}{dt} = \mathbf{f} - \nabla p,"The fundamental equation of hydrodynamics of ideal fluid (Eulerian equation): where $\rho$ is the fluid density, $\mathbf{f}$ is the volume density of mass forces ($\mathbf{f} = \rho g$ in the case of gravity), $\nabla p$ is the pressure gradient.",Fluid density times the material derivative of velocity equals the volume density of mass forces minus the pressure gradient.,"This equation describes the motion of an ideal (inviscid and incompressible) fluid. It's a form of Newton's second law for fluids, relating the acceleration of a fluid parcel to the forces acting on it (pressure gradient and external body forces). It's used to analyze fluid flow dynamics where viscosity is negligible.","from sympy import symbols, Eq, Derivative, Symbol
rho, t = symbols('rho t')
v = Symbol('v', is_vector=True)
f = Symbol('f', is_vector=True)
nabla_p = Symbol('nabla_p', is_vector=True)
Eq(rho * Derivative(v, t), f - nabla_p)"
Physical Fundamentals of Mechanics,Hydrodynamics,Bernoulli's Equation,\frac{\rho v^2}{2} + \rho g h + p = \text{const},Bernoulli's equation. In the steady flow of an ideal fluid along any streamline.,"Half of fluid density times velocity squared, plus fluid density times gravitational acceleration times height, plus pressure, equals a constant.","This equation describes the conservation of energy for a steady, incompressible, and inviscid fluid flow along a streamline. It relates pressure, fluid speed, and height at different points in the flow. It's used to analyze fluid dynamics in situations like pipe flow, aerodynamics, and hydraulics where energy losses due to viscosity are negligible.","from sympy import symbols, Eq
rho, v, g, h, p, C = symbols('rho v g h p C')
Eq(rho * v**2 / 2 + rho * g * h + p, C)"
Physical Fundamentals of Mechanics,Hydrodynamics,Reynolds Number,\mathrm{Re} = \rho v l / \eta,"Reynolds number defining the flow pattern of a viscous fluid: where $l$ is a characteristic length, $\eta$ is the fluid viscosity.","Reynolds number equals fluid density times fluid velocity times characteristic length, divided by fluid viscosity.","The Reynolds number is a dimensionless quantity used to predict flow patterns in different fluid flow situations. It represents the ratio of inertial forces to viscous forces. A low Reynolds number indicates laminar (smooth) flow, while a high Reynolds number indicates turbulent flow. It's crucial in fluid mechanics for scaling experiments and designing fluid systems.","from sympy import symbols, Eq
Re, rho, v, l, eta = symbols('Re rho v l eta')
Eq(Re, rho * v * l / eta)"
Physical Fundamentals of Mechanics,Hydrodynamics,Poiseuille's Law,Q = \frac{\pi R^4}{8\eta} \frac{p_1 - p_2}{l},"Poiseuille's law. The volume of liquid flowing through a circular tube (in $\mathrm{m}^3/\mathrm{s}$): where $R$ and $l$ are the tube's radius and length, $p_1 - p_2$ is the pressure difference between the ends of the tube.","Volume flow rate equals pi times the tube radius to the fourth power, divided by eight times fluid viscosity, all multiplied by the pressure difference divided by the tube length.","Poiseuille's law describes the laminar flow of an incompressible Newtonian fluid through a long cylindrical pipe of constant circular cross-section. It quantifies the volume flow rate as a function of the pressure difference, pipe dimensions (radius and length), and fluid viscosity. It's used in applications like blood flow in capillaries, fluid transport in microfluidic devices, and pipe sizing.","from sympy import symbols, Eq, pi
Q, R, eta, p1, p2, l = symbols('Q R eta p1 p2 l')
Eq(Q, pi * R**4 / (8 * eta) * (p1 - p2) / l)"
Physical Fundamentals of Mechanics,Hydrodynamics,Stokes' Law,F = 6\pi\eta r v,Stokes' law. The friction force on the sphere of radius $r$ moving through a viscous fluid:,Friction force equals six pi times fluid viscosity times sphere radius times sphere velocity.,"Stokes' law describes the drag force experienced by a small spherical object moving at a low Reynolds number (laminar flow) through a viscous fluid. It's used to calculate the settling velocity of particles in a fluid (sedimentation), analyze the motion of small organisms, and in viscometry. It assumes a smooth, rigid sphere and a homogeneous, incompressible fluid.","from sympy import symbols, Eq, pi
F, eta, r, v = symbols('F eta r v')
Eq(F, 6 * pi * eta * r * v)"
Physical Fundamentals of Mechanics,Relativistic Mechanics,Lorentz Contraction,l = l _ { 0 } \sqrt { 1 - ( v / c ) ^ { 2 } },Lorentz contraction of length and slowing of a moving clock: where $l _ { 0 }$ is the proper length,"Length l equals proper length l-naught times the square root of one minus the ratio of velocity v to the speed of light c, squared.",Describes how the length of an object measured by an observer moving relative to the object appears shorter in the direction of motion. Used in special relativity to account for the relative motion between frames of reference.,"Eq(l, l_0*sqrt(1 - (v/c)**2))"
Physical Fundamentals of Mechanics,Relativistic Mechanics,Time Dilation,\Delta t = \frac { \Delta t _ { 0 } } { \sqrt { 1 - ( v / c ) ^ { 2 } } },Lorentz contraction of length and slowing of a moving clock: where $\Delta t _ { 0 }$ is the proper time of the moving clock.,"Change in time delta-t equals proper time delta-t-naught divided by the square root of one minus the ratio of velocity v to the speed of light c, squared.","Describes how a moving clock appears to run slower when observed from a stationary frame of reference. A fundamental consequence of special relativity, explaining phenomena like muon decay.","Eq(Delta_t, Delta_t_0/sqrt(1 - (v/c)**2))"
Physical Fundamentals of Mechanics,Relativistic Mechanics,Lorentz Transformation (x-coordinate),x ^ { \prime } = \frac { x - V t } { \sqrt { 1 - ( V / c ) ^ { 2 } } },Lorentz transformation*,"x-prime equals x minus V times t, all divided by the square root of one minus the ratio of velocity V to the speed of light c, squared.",Transforms the spatial x-coordinate of an event from one inertial frame (K) to another (K') moving at a constant velocity V relative to K along the x-axis. Essential for relating observations between different relativistic reference frames.,"Eq(x_prime, (x - V*t)/sqrt(1 - (V/c)**2))"
Physical Fundamentals of Mechanics,Relativistic Mechanics,Lorentz Transformation (y-coordinate),y ^ { \prime } = y,Lorentz transformation*,y-prime equals y.,States that the y-coordinate of an event remains unchanged between two inertial frames when the relative motion is purely along the x-axis. This reflects the isotropy of space perpendicular to the direction of relative motion.,"Eq(y_prime, y)"
Physical Fundamentals of Mechanics,Relativistic Mechanics,Lorentz Transformation (time),t ^ { \prime } = \frac { t - x V / c ^ { 2 } } { 1 - ( V / c ) ^ { 2 } },Lorentz transformation*,"t-prime equals t minus x times V divided by c squared, all divided by one minus the ratio of V to c, squared.",Transforms the time coordinate of an event from one inertial frame (K) to another (K') moving at a constant velocity V relative to K along the x-axis. This shows that time is not absolute and depends on the observer's motion.,"Eq(t_prime, (t - x*V/c**2)/(1 - (V/c)**2))"
Physical Fundamentals of Mechanics,Relativistic Mechanics,Spacetime Interval,s _ { 1 2 } ^ { 2 } = c ^ { 2 } t _ { 1 2 } ^ { 2 } - l _ { 1 2 } ^ { 2 },"Interval $s _ { 1 2 }$ is an invariant: where $t _ { 1 2 }$ is the time interval between events 1 and 2, $l _ { 1 2 }$ is the distance between the points at which these events occurred.","The square of the spacetime interval s-one-two equals the speed of light c squared times the time interval t-one-two squared, minus the spatial distance l-one-two squared.","Defines the spacetime interval between two events, which is an invariant quantity in special relativity, meaning all inertial observers will measure the same value for it. It combines space and time into a single four-dimensional spacetime continuum.","Eq(s_12**2, c**2*t_12**2 - l_12**2)"
Physical Fundamentals of Mechanics,Relativistic Mechanics,Relativistic Velocity Transformation (x-component),v _ { x } ^ { \prime } = \frac { v _ { x } - V } { 1 - v _ { x } V / c ^ { 2 } },Transformation of velocity*,"v-x-prime equals v-x minus V, all divided by one minus v-x times V divided by c squared.",Transforms the x-component of a velocity from one inertial frame (K) to another (K') moving at a constant velocity V relative to K along the x-axis. This ensures that the speed of light is constant for all observers and prevents velocities from exceeding c.,"Eq(v_x_prime, (v_x - V)/(1 - v_x*V/c**2))"
Physical Fundamentals of Mechanics,Relativistic Mechanics,Relativistic Velocity Transformation (y-component),v _ { y } ^ { \prime } = \frac { v _ { y } \sqrt { 1 - ( V / c ) ^ { 2 } } } { 1 - v _ { x } V / c ^ { 2 } },Transformation of velocity*,"v-y-prime equals v-y times the square root of one minus the ratio of V to c squared, all divided by one minus v-x times V divided by c squared.","Transforms the y-component of a velocity from one inertial frame (K) to another (K') moving at a constant velocity V relative to K along the x-axis. It shows that velocities perpendicular to the relative motion are also affected, though differently than the parallel component.","Eq(v_y_prime, v_y*sqrt(1 - (V/c)**2)/(1 - v_x*V/c**2))"
Physical Fundamentals of Mechanics,Relativistic Mechanics,Relativistic Mass,m = \frac { m _ { 0 } } { \sqrt { 1 - ( v / c ) ^ { 2 } } },"Relativistic mass and relativistic momentum: where $m _ { 0 }$ is the rest mass, or, simply, the mass.","Relativistic mass m equals rest mass m-naught divided by the square root of one minus the ratio of velocity v to the speed of light c, squared.",Defines how the mass of an object increases as its velocity approaches the speed of light. This concept is sometimes referred to as 'relativistic mass' and is a consequence of the energy-momentum relation in special relativity.,"Eq(m, m_0/sqrt(1 - (v/c)**2))"
Physical Fundamentals of Mechanics,Relativistic Mechanics,Relativistic Momentum (definition),\mathbf { p } = m \mathbf { v },"Relativistic mass and relativistic momentum: where $m _ { 0 }$ is the rest mass, or, simply, the mass.",Relativistic momentum vector p equals relativistic mass m times velocity vector v.,"Defines relativistic momentum as the product of relativistic mass and velocity. This is the general definition of momentum, extended to include the relativistic increase in mass.","Eq(p, m*v)"
Physical Fundamentals of Mechanics,Relativistic Mechanics,Relativistic Momentum,\mathbf { p } = \frac { m _ { 0 } \mathbf { v } } { \sqrt { 1 - ( v / c ) ^ { 2 } } },"Relativistic mass and relativistic momentum: where $m _ { 0 }$ is the rest mass, or, simply, the mass.","Relativistic momentum vector p equals rest mass m-naught times velocity vector v, all divided by the square root of one minus the ratio of velocity v to the speed of light c, squared.","Expresses relativistic momentum in terms of rest mass, velocity, and the speed of light. This form explicitly shows how momentum increases significantly as an object's speed approaches the speed of light, reflecting the increase in effective mass.","Eq(p, m_0*v/sqrt(1 - (v/c)**2))"
Physical Fundamentals of Mechanics,Relativistic Mechanics,Relativistic Equation of Dynamics,\frac { d \mathbf { p } } { d t } = \mathbf { F },Relativistic equation of dynamics for a particle: where $\mathbf { p }$ is the relativistic momentum of the particle.,The time derivative of relativistic momentum vector p equals force vector F.,"This is Newton's second law generalized for relativistic mechanics. It states that the net force on a particle is equal to the rate of change of its relativistic momentum. This form remains valid in special relativity, unlike the classical F=ma.","Eq(Derivative(p, t), F)"
Physical Fundamentals of Mechanics,Relativistic Mechanics,Total Relativistic Energy,E = m c ^ { 2 },Total and kinetic energies of a relativistic particle:,Total energy E equals relativistic mass m times the speed of light c squared.,"Einstein's famous mass-energy equivalence, stating that mass and energy are interchangeable. In relativistic mechanics, this represents the total energy of a particle, including its rest energy and kinetic energy.","Eq(E, m*c**2)"
Physical Fundamentals of Mechanics,Relativistic Mechanics,Total Relativistic Energy (Rest Energy + Kinetic Energy),E = m _ { 0 } c ^ { 2 } + T,Total and kinetic energies of a relativistic particle:,"Total energy E equals rest mass m-naught times the speed of light c squared, plus kinetic energy T.",Expresses the total relativistic energy as the sum of the particle's rest energy ($m_0 c^2$) and its kinetic energy (T). This highlights that even a stationary particle possesses intrinsic energy due to its mass.,"Eq(E, m_0*c**2 + T)"
Physical Fundamentals of Mechanics,Relativistic Mechanics,Relativistic Kinetic Energy,T = ( m - m _ { 0 } ) c ^ { 2 },Total and kinetic energies of a relativistic particle:,"Kinetic energy T equals the difference between relativistic mass m and rest mass m-naught, all multiplied by the speed of light c squared.",Defines the kinetic energy of a relativistic particle as the difference between its total energy and its rest energy. This formula shows that kinetic energy arises from the increase in mass due to motion.,"Eq(T, (m - m_0)*c**2)"
Thermodynamics and Molecular Physics,The First Law of Thermodynamics. Heat Capacity,First Law of Thermodynamics,Q = \Delta U + A,The first law of thermodynamics: where $\Delta U$ is the increment of the internal energy of the system.,Heat added to a system equals the change in its internal energy plus the work done by the system.,"This law states that energy cannot be created or destroyed, only transferred or changed in form. It relates the heat added to a system ($Q$), the change in its internal energy ($\Delta U$), and the work done by the system ($A$). It's fundamental in thermodynamics for analyzing energy transformations.","Eq(Q, DeltaU + A)"
Thermodynamics and Molecular Physics,The First Law of Thermodynamics. Heat Capacity,Work Done by Gas,"A = \int p \, dV",Work performed by gas:,Work done by a gas is the integral of pressure with respect to volume.,"This formula calculates the work ($A$) done by a gas during a volume change. If the gas expands, $dV$ is positive and work is done *by* the gas. If it's compressed, $dV$ is negative and work is done *on* the gas. It's used in processes where pressure might vary with volume.","Eq(A, Integral(p, V))"
Thermodynamics and Molecular Physics,The First Law of Thermodynamics. Heat Capacity,Internal Energy of Ideal Gas (Mass-based),U = \frac{m}{M} C_V T,Internal energy of an ideal gas:,"Internal energy of an ideal gas is the mass divided by molar mass, times the molar heat capacity at constant volume, times temperature.","This formula calculates the internal energy ($U$) of an ideal gas based on its mass ($m$), molar mass ($M$), molar heat capacity at constant volume ($C_V$), and absolute temperature ($T$). It's used to determine the total internal energy of a given quantity of ideal gas.","Eq(U, (m/M) * CV * T)"
Thermodynamics and Molecular Physics,The First Law of Thermodynamics. Heat Capacity,Internal Energy of Ideal Gas (Gas Constant),U = \frac{m}{M} \frac{RT}{\gamma - 1},Internal energy of an ideal gas:,"Internal energy of an ideal gas is the mass divided by molar mass, times the gas constant times temperature, divided by (adiabatic index minus one).","This is an alternative form for the internal energy ($U$) of an ideal gas, relating it to the universal gas constant ($R$) and the adiabatic index ($\gamma$). It's derived from the previous form using the relation $C_V = R/(\gamma - 1)$. Useful when $C_V$ is not directly known but $\gamma$ is.","Eq(U, (m/M) * (R*T / (gamma - 1)))"
Thermodynamics and Molecular Physics,The First Law of Thermodynamics. Heat Capacity,Internal Energy of Ideal Gas (Pressure-Volume),U = \frac{pV}{\gamma - 1},Internal energy of an ideal gas:,"Internal energy of an ideal gas is pressure times volume, divided by (adiabatic index minus one).","This form expresses the internal energy ($U$) of an ideal gas directly in terms of its pressure ($p$) and volume ($V$), along with the adiabatic index ($\gamma$). It's derived using the ideal gas law ($pV = nRT = (m/M)RT$) and the relation $C_V = R/(\gamma - 1)$. It's particularly useful when pressure and volume are the primary known variables.","Eq(U, p*V / (gamma - 1))"
Thermodynamics and Molecular Physics,The First Law of Thermodynamics. Heat Capacity,"Molar Heat Capacity (Polytropic Process, expanded)",C = \frac{R}{\gamma - 1} - \frac{R}{n - 1},Molar heat capacity in a polytropic process ($pV^n = \text{const}$):,"Molar heat capacity in a polytropic process is the gas constant divided by (adiabatic index minus one), minus the gas constant divided by (polytropic index minus one).","This formula calculates the molar heat capacity ($C$) for a gas undergoing a polytropic process, defined by $pV^n = \text{const}$. It relates $C$ to the universal gas constant ($R$), the adiabatic index ($\gamma$), and the polytropic index ($n$). It's used to determine how much heat is required to raise the temperature of one mole of gas during such a process.","Eq(C, R/(gamma - 1) - R/(n - 1))"
Thermodynamics and Molecular Physics,The First Law of Thermodynamics. Heat Capacity,"Molar Heat Capacity (Polytropic Process, simplified)",C = \frac{(n - \gamma) R}{(n - 1) (\gamma - 1)},Molar heat capacity in a polytropic process ($pV^n = \text{const}$):,"Molar heat capacity in a polytropic process is (polytropic index minus adiabatic index) times the gas constant, divided by ((polytropic index minus one) times (adiabatic index minus one)).",This is a simplified and more compact form of the molar heat capacity ($C$) for a polytropic process. It's algebraically equivalent to the previous form and is often preferred for its conciseness. It's used in the same context to calculate heat capacity for processes where $pV^n = \text{const}$.,"Eq(C, (n - gamma)*R / ((n - 1)*(gamma - 1)))"
Thermodynamics and Molecular Physics,The First Law of Thermodynamics. Heat Capacity,Internal Energy of Van der Waals Gas,U = C_V T - \frac{a}{V_M},Internal energy of one mole of a Van der Waals gas:,"Internal energy of one mole of a Van der Waals gas is the molar heat capacity at constant volume times temperature, minus the Van der Waals constant 'a' divided by molar volume.","This formula gives the internal energy ($U$) for one mole of a real gas described by the Van der Waals equation. Unlike an ideal gas, it includes a term ($a/V_M$) that accounts for the attractive forces between gas molecules, where $a$ is a Van der Waals constant and $V_M$ is the molar volume. It's used for more accurate calculations of internal energy for real gases, especially at high pressures or low temperatures.","Eq(U, CV * T - a/VM)"
Thermodynamics and Molecular Physics,Kinetic Theory of Gases. Boltzmann's Law and Maxwell's Distribution,Collision Frequency,\nu = \frac{1}{4} n \langle v \rangle,"Number of collisions exercised by gas molecules on a unit area of the wall surface per unit time. n is the concentration of molecules, and $\langle v \rangle$ is their mean velocity.",Collision frequency equals one-fourth times the number concentration of molecules times their mean velocity.,This formula calculates the rate at which gas molecules collide with a unit area of a container wall per unit time. It's used in kinetic theory to understand pressure and transport phenomena.,"Eq(nu, S(1)/4 * n * v_mean)"
Thermodynamics and Molecular Physics,Kinetic Theory of Gases. Boltzmann's Law and Maxwell's Distribution,Ideal Gas Law (Microscopic Form),p = nkT,Equation of an ideal gas state.,Pressure equals the number concentration of molecules times Boltzmann's constant times temperature.,"This is a microscopic form of the ideal gas law, relating the pressure of an ideal gas to the number density of its molecules, the Boltzmann constant, and its absolute temperature. It's fundamental in kinetic theory.","Eq(p, n * k * T)"
Thermodynamics and Molecular Physics,Kinetic Theory of Gases. Boltzmann's Law and Maxwell's Distribution,Mean Energy of Molecules,\langle \varepsilon \rangle = \frac{i}{2} kT,"Mean energy of molecules. i is the sum of translational, rotational, and the double number of vibrational degrees of freedom.",Mean energy per molecule equals i halves times Boltzmann's constant times temperature.,"This formula gives the average kinetic energy per molecule in an ideal gas, based on the equipartition theorem. 'i' represents the total degrees of freedom available to the molecule (translational, rotational, and vibrational), and it's used to calculate internal energy.","Eq(epsilon_mean, i/2 * k * T)"
Thermodynamics and Molecular Physics,Kinetic Theory of Gases. Boltzmann's Law and Maxwell's Distribution,Maxwell-Boltzmann Distribution (Velocity Component),dN(v_x) = N \left( \frac{m}{2\pi kT} \right)^{1/2} e^{-mv_x^2/2kT} dv_x,Maxwellian distribution.,"The number of molecules with x-component velocity between v_x and v_x + dv_x is N times a normalization constant times e to the power of negative m v_x squared over 2kT, times dv_x.",This equation describes the Maxwell-Boltzmann distribution for a single component of velocity (v_x). It gives the fraction of molecules in a gas that have a velocity component within a specific infinitesimal range dv_x. It's used to analyze the distribution of molecular speeds in a gas.,"Eq(dN_vx, N * (m / (2 * pi * k * T))**(S(1)/2) * exp(-m * vx**2 / (2 * k * T)) * dvx)"
Thermodynamics and Molecular Physics,Kinetic Theory of Gases. Boltzmann's Law and Maxwell's Distribution,Maxwell-Boltzmann Distribution (Speed),dN(v) = N \left( \frac{m}{2\pi kT} \right)^{3/2} e^{-mv^2/2kT} 4\pi v^2 dv,Maxwellian distribution.,"The number of molecules with speed between v and v + dv is N times a normalization constant times e to the power of negative m v squared over 2kT, times 4 pi v squared dv.",This equation describes the Maxwell-Boltzmann distribution for molecular speeds. It gives the fraction of molecules in a gas that have speeds within a specific infinitesimal range dv. It's crucial for understanding the macroscopic properties of gases based on microscopic molecular motion.,"Eq(dN_v, N * (m / (2 * pi * k * T))**(S(3)/2) * exp(-m * v**2 / (2 * k * T)) * 4 * pi * v**2 * dv)"
Thermodynamics and Molecular Physics,Kinetic Theory of Gases. Boltzmann's Law and Maxwell's Distribution,Maxwell-Boltzmann Distribution (Reduced Form),dN(u) = N \frac{4}{\sqrt{\pi}} e^{-u^2} u^2 du,"Maxwellian distribution in a reduced form. u = v/v_p, v_p is the most probable velocity.",The number of molecules with reduced speed u is N times 4 over square root of pi times e to the power of negative u squared times u squared du.,"This is a dimensionless or reduced form of the Maxwell-Boltzmann speed distribution, where u is the ratio of the molecular speed v to the most probable speed v_p. It simplifies analysis by removing physical constants and temperature dependence, making it easier to compare distributions across different gases or temperatures.","Eq(dN_u, N * S(4)/sqrt(pi) * exp(-u**2) * u**2 * du)"
Thermodynamics and Molecular Physics,Kinetic Theory of Gases. Boltzmann's Law and Maxwell's Distribution,Most Probable Velocity,v_p = \sqrt{2 \frac{kT}{m}},"The most probable, the mean, and the root mean square velocities of molecules.",The most probable velocity equals the square root of 2kT over m.,"This formula calculates the most probable speed of a molecule in an ideal gas, which is the speed at which the Maxwell-Boltzmann distribution function is maximized. It's used to characterize the typical speed of molecules at a given temperature.","Eq(v_p, sqrt(2 * k * T / m))"
Thermodynamics and Molecular Physics,Kinetic Theory of Gases. Boltzmann's Law and Maxwell's Distribution,Mean Velocity (Average Speed),\langle v \rangle = \sqrt{\frac{8}{\pi} \frac{kT}{m}},"The most probable, the mean, and the root mean square velocities of molecules.",The mean velocity equals the square root of 8kT over pi m.,This formula calculates the average speed of molecules in an ideal gas. It's a measure of the central tendency of molecular speeds and is used in calculations involving collision rates and transport phenomena.,"Eq(v_mean, sqrt(S(8)/pi * k * T / m))"
Thermodynamics and Molecular Physics,Kinetic Theory of Gases. Boltzmann's Law and Maxwell's Distribution,Root Mean Square Velocity,v_{sq} = \sqrt{3 \frac{kT}{m}},"The most probable, the mean, and the root mean square velocities of molecules.",The root mean square velocity equals the square root of 3kT over m.,This formula calculates the root mean square (RMS) speed of molecules in an ideal gas. It's directly related to the kinetic energy of the gas and is often used in the definition of temperature in kinetic theory.,"Eq(v_rms, sqrt(3 * k * T / m))"
Thermodynamics and Molecular Physics,Liquids. Capillary Effects,Young-Laplace Pressure Difference,\Delta p = \alpha \left(\frac {1}{R _ {1}} + \frac {1}{R _ {2}}\right),where $\alpha$ is the surface tension of a given liquid.,The pressure difference across a curved liquid surface is equal to the surface tension multiplied by the sum of the reciprocals of the principal radii of curvature.,"This equation, a simplified form of the Young-Laplace equation, describes the pressure difference ($\Delta p$) across a curved interface between two fluids. It relates this pressure difference to the surface tension ($\alpha$) of the liquid and the curvature of the interface, represented by its principal radii of curvature ($R_1$ and $R_2$). It is used to explain phenomena like capillary action, droplet formation, and the stability of bubbles.","Eq(Delta(p), alpha * (1/R_1 + 1/R_2))"
Thermodynamics and Molecular Physics,Liquids. Capillary Effects,Surface Free Energy Increment,d F = \alpha d S,where $dS$ is the area increment of the surface layer.,The infinitesimal increment in free energy of a liquid surface is equal to the surface tension multiplied by the infinitesimal increment in surface area.,"This equation defines the change in free energy ($dF$) associated with an infinitesimal change in the surface area ($dS$) of a liquid. Surface tension ($\alpha$) represents the energy required to create a unit area of new surface. This relationship is fundamental in understanding surface phenomena where surface area changes, such as the formation of droplets or the stretching of liquid films.","Eq(dF, alpha * dS)"
Thermodynamics and Molecular Physics,Liquids. Capillary Effects,Isothermal Heat of Surface Formation,q = - T \frac {d \alpha}{d T},Amount of heat required to form a unit area of the liquid surface layer during the isothermal increase of its surface.,The amount of heat required to form a unit area of liquid surface isothermally is equal to the negative product of the absolute temperature and the temperature derivative of the surface tension.,"This equation describes the latent heat ($q$) associated with the formation of a unit area of a liquid surface under isothermal conditions. It relates this heat to the absolute temperature ($T$) and the temperature dependence of the surface tension ($d\alpha/dT$). This is crucial for understanding the thermodynamics of surfaces and how surface properties, particularly surface tension, change with temperature.","Eq(q, -T * Derivative(alpha, T))"
Thermodynamics and Molecular Physics,Phase Transformations,Critical Molar Volume (Van der Waals),V_{Mcr} = 3b,Relation between Van der Waals constant 'b' and critical molar volume.,The critical molar volume is three times the Van der Waals constant 'b'.,"This formula relates the critical molar volume ($V_{Mcr}$) of a substance to the Van der Waals constant 'b', which accounts for the finite size of molecules. It's derived from the Van der Waals equation of state and is used to characterize the critical point.","Eq(V_Mcr, 3*b)"
Thermodynamics and Molecular Physics,Phase Transformations,Critical Pressure (Van der Waals),p_{cr} = \frac{a}{27b^2},Relation between Van der Waals constants 'a' and 'b' and critical pressure.,The critical pressure is the Van der Waals constant 'a' divided by twenty-seven times the square of the Van der Waals constant 'b'.,This formula relates the critical pressure ($p_{cr}$) to the Van der Waals constants 'a' (intermolecular attraction) and 'b' (molecular volume). It's derived from the conditions for a critical point (first and second derivatives of pressure with respect to volume are zero) using the Van der Waals equation.,"Eq(p_cr, a / (27*b**2))"
Thermodynamics and Molecular Physics,Phase Transformations,Critical Temperature (Van der Waals),T_{cr} = \frac{8a}{27Rb},"Relation between Van der Waals constants 'a' and 'b', gas constant 'R', and critical temperature.",The critical temperature is eight times the Van der Waals constant 'a' divided by twenty-seven times the product of the ideal gas constant 'R' and the Van der Waals constant 'b'.,"This formula relates the critical temperature ($T_{cr}$) to the Van der Waals constants 'a' and 'b', and the ideal gas constant 'R'. It's derived from the critical point conditions of the Van der Waals equation and represents the temperature above which a gas cannot be liquefied by pressure alone.","Eq(T_cr, 8*a / (27*R*b))"
Thermodynamics and Molecular Physics,Phase Transformations,Critical Compressibility Factor Relation (Van der Waals),p_{cr}V_{Mcr} = (3/8)RT_{cr},"Relation between critical pressure, critical molar volume, ideal gas constant, and critical temperature for a mole of substance.",The product of critical pressure and critical molar volume is three-eighths times the product of the ideal gas constant and critical temperature.,"This equation shows the relationship between the critical pressure, critical molar volume, and critical temperature, as predicted by the Van der Waals equation of state. It implies that the critical compressibility factor ($Z_{cr} = \frac{p_{cr}V_{Mcr}}{RT_{cr}}$) for all Van der Waals gases is 3/8, a universal constant according to this model. It's used to check the consistency of critical parameters.","Eq(p_cr * V_Mcr, (3/8) * R * T_cr)"
Thermodynamics and Molecular Physics,Phase Transformations,Clausius-Clapeyron Equation,\frac{dp}{dT} = \frac{q_{12}}{T(V'_2 - V'_1)},"The rate of change of pressure with temperature is equal to the specific heat absorbed in transformation $1 \to 2$ divided by the product of temperature and the difference in specific volumes of phases 2 and 1. ($q_{12}$ is specific heat absorbed in transformation $1 \to 2$, $V'_1$ and $V'_2$ are specific volumes of phases 1 and 2).",The derivative of pressure with respect to temperature is equal to the specific latent heat of transformation divided by the product of the absolute temperature and the change in specific volume during the phase transition.,"This equation describes the relationship between pressure and temperature along phase boundaries (e.g., solid-liquid, liquid-gas). It relates the slope of the phase boundary ($\frac{dp}{dT}$) to the specific latent heat of transformation ($q_{12}$), the absolute temperature ($T$), and the change in specific volume ($\Delta V' = V'_2 - V'_1$) during the phase transition. It's crucial for understanding phase diagrams and predicting phase changes.","Eq(Derivative(p, T), q_12 / (T * (V_prime_2 - V_prime_1)))"
Thermodynamics and Molecular Physics,Transport Phenomena,Particle count ratio (exponential decay),N / N _ {0} = \mathrm{e} ^ {- s / \lambda},where $\lambda$ is the mean free path.,The ratio of the number of particles N to the initial number N_0 is equal to e raised to the power of negative s divided by lambda.,"This formula describes an exponential decay process, often used to model the decrease in the number of particles (N) from an initial count (N_0) as they travel a distance (s), where $\lambda$ is the mean free path. It's common in kinetic theory or radiation attenuation.","Eq(N / N_0, exp(-s / Lambda))"
Thermodynamics and Molecular Physics,Transport Phenomena,Mean free path of a gas molecule,\lambda = \frac {1}{\sqrt {2} \pi d ^ {2} n},"Mean free path of a gas molecule: where $d$ is the effective diameter of a molecule, and $n$ is the number of molecules per unit volume.","Lambda, the mean free path, is equal to one divided by the square root of two times pi times the molecular diameter squared times the number density.","This formula calculates the average distance a gas molecule travels between successive collisions with other molecules. It depends on the molecular diameter (d) and the number density (n) of the gas. It is a fundamental concept in the kinetic theory of gases, used to understand transport phenomena.","Eq(Lambda, 1 / (sqrt(2) * pi * d**2 * n))"
Thermodynamics and Molecular Physics,Transport Phenomena,Coefficient of diffusion,D = \frac {1}{3} \langle v \rangle \lambda,"Coefficients of diffusion $D$, viscosity $\eta$, and heat conductivity $\varkappa$ of gases:",The diffusion coefficient D is equal to one-third times the average molecular speed times the mean free path.,"This formula relates the diffusion coefficient (D) of a gas to its average molecular speed ($\langle v \rangle$) and mean free path ($\lambda$). It quantifies how quickly gas molecules spread out due to random motion, driven by concentration gradients.","Eq(D, (1/3) * v_avg * Lambda)"
Thermodynamics and Molecular Physics,Transport Phenomena,Coefficient of viscosity,\eta = \frac {1}{3} \langle v \rangle \lambda \rho,"Coefficients of diffusion $D$, viscosity $\eta$, and heat conductivity $\varkappa$ of gases: where $\rho$ is the gas density, and $c_V$ is its specific heat capacity at constant volume.",The viscosity coefficient eta is equal to one-third times the average molecular speed times the mean free path times the gas density.,"This formula describes the viscosity coefficient ($\eta$) of a gas, which measures its resistance to flow or shear stress. It depends on the average molecular speed ($\langle v \rangle$), mean free path ($\lambda$), and gas density ($\rho$). It's used in fluid dynamics to characterize internal friction.","Eq(eta, (1/3) * v_avg * Lambda * rho)"
Thermodynamics and Molecular Physics,Transport Phenomena,Coefficient of heat conductivity,\varkappa = \frac {1}{3} \langle v \rangle \lambda \rho c _ {V},"Coefficients of diffusion $D$, viscosity $\eta$, and heat conductivity $\varkappa$ of gases: where $\rho$ is the gas density, and $c_V$ is its specific heat capacity at constant volume.",The heat conductivity coefficient kappa is equal to one-third times the average molecular speed times the mean free path times the gas density times the specific heat capacity at constant volume.,"This formula calculates the heat conductivity coefficient ($\varkappa$) of a gas, indicating its ability to transfer thermal energy. It depends on the average molecular speed ($\langle v \rangle$), mean free path ($\lambda$), gas density ($\rho$), and specific heat capacity at constant volume ($c_V$). It's used in heat transfer analysis.","Eq(kappa, (1/3) * v_avg * Lambda * rho * c_V)"
Thermodynamics and Molecular Physics,Transport Phenomena,Friction force in rarefied gas,F = \frac {1}{6} \langle v \rangle \rho | u _ {1} - u _ {2} |,Friction force acting on a unit area of plates during their motion parallel to each other in a highly rarefied gas: where $u_1$ and $u_2$ are the velocities of the plates.,The friction force F is equal to one-sixth times the average molecular speed times the gas density times the absolute difference between the velocities of the two plates.,"This formula describes the friction force per unit area acting on plates moving parallel to each other in a highly rarefied gas. It depends on the average molecular speed ($\langle v \rangle$), gas density ($\rho$), and the relative velocity of the plates ($|u_1 - u_2|$). It's applicable in situations where the mean free path is comparable to or larger than the system dimensions.","Eq(F, (1/6) * v_avg * rho * Abs(u1 - u2))"
Thermodynamics and Molecular Physics,Transport Phenomena,Thermal flux density in rarefied gas,q = \frac {1}{6} \langle v \rangle \rho c _ {V} | T _ {1} - T _ {2} |,Density of a thermal flux transferred between two walls by highly rarefied gas:,The thermal flux density q is equal to one-sixth times the average molecular speed times the gas density times the specific heat capacity at constant volume times the absolute difference between the temperatures of the two walls.,"This formula calculates the density of thermal flux transferred between two walls by a highly rarefied gas. It depends on the average molecular speed ($\langle v \rangle$), gas density ($\rho$), specific heat capacity ($c_V$), and the absolute temperature difference between the walls ($|T_1 - T_2|$). This is relevant for heat transfer in vacuum or near-vacuum conditions.","Eq(q, (1/6) * v_avg * rho * c_V * Abs(T1 - T2))"
Electrodynamics,Constant Electric Field in Vacuum,Electric Field Strength of a Point Charge,\mathbf{E} = \frac{1}{4\pi\varepsilon_0} \frac{q}{r^3} \mathbf{r},Strength of the field of a point charge $q$.,"The electric field strength E is equal to one over four pi epsilon-naught times the charge q over the cube of the distance r, multiplied by the position vector r.",This formula describes the electric field strength produced by a point charge `q` at a distance `r` from it. `\varepsilon_0` is the permittivity of free space. The field is radial and its magnitude decreases with the square of the distance. It's used to calculate the force on another charge in the vicinity.,"Eq(E_vec, (1/(4*pi*epsilon_0)) * (q/r**3) * r_vec)"
Electrodynamics,Constant Electric Field in Vacuum,Electric Potential of a Point Charge,\varphi = \frac{1}{4\pi\varepsilon_0} \frac{q}{r},Potential of the field of a point charge $q$.,The electric potential phi is equal to one over four pi epsilon-naught times the charge q over the distance r.,This formula gives the electric potential (scalar) at a distance `r` from a point charge `q`. It represents the potential energy per unit charge at that point. It's used to calculate the work done to move a charge in the field or to find the potential difference between two points.,"Eq(phi, (1/(4*pi*epsilon_0)) * (q/r))"
Electrodynamics,Constant Electric Field in Vacuum,Relation between Electric Field and Potential,\mathbf{E} = -\nabla\varphi,Relation between field strength and potential; field strength is equal to the antigradient of the potential.,The electric field strength E is equal to the negative gradient of the electric potential phi.,This fundamental relation shows that the electric field is the negative gradient of the electric potential. It means that the electric field points in the direction of the steepest decrease in potential. It's used to derive the electric field from a known potential function.,"Eq(E_vec, -nabla_op(phi))"
Electrodynamics,Constant Electric Field in Vacuum,Gauss's Law for Electric Fields,"\oint \mathbf{E} \, d\mathbf{S} = q/\varepsilon_0",Gauss's theorem.,The closed surface integral of the electric field E dot dS is equal to the enclosed charge q divided by epsilon-naught.,"This is Gauss's Law, a fundamental law of electromagnetism. It states that the total electric flux through any closed surface is proportional to the total electric charge enclosed within that surface. It's used to calculate electric fields for highly symmetric charge distributions.","Eq(Integral(E_vec.dot(dS_vec)), q/epsilon_0)"
Electrodynamics,Constant Electric Field in Vacuum,Circulation of Electric Field (Conservative Field),"\oint \mathbf{E} \, d\mathbf{r} = 0",Circulation of the vector $\mathbf{E}$.,The closed line integral of the electric field E dot dr is equal to zero.,"This equation states that the circulation of a static electric field around any closed loop is zero. This implies that the electrostatic field is conservative, meaning the work done by the field on a charge moving around a closed path is zero. It's a consequence of the electric field being derivable from a scalar potential.","Eq(Integral(E_vec.dot(dr_vec)), 0)"
Electrodynamics,Constant Electric Field in Vacuum,Electric Potential of a Point Dipole,\varphi = \frac{1}{4\pi\varepsilon_0} \frac{\mathbf{p}\mathbf{r}}{r^3},Potential of the field of a point dipole with electric moment $\mathbf{p}$.,"The electric potential phi is equal to one over four pi epsilon-naught times the dot product of the dipole moment p and the position vector r, divided by the cube of the distance r.",This formula calculates the electric potential produced by an electric dipole `\mathbf{p}` at a position `\mathbf{r}`. The potential depends on the orientation of the dipole relative to the position vector. It's used to describe the field far from a dipole.,"Eq(phi, (1/(4*pi*epsilon_0)) * (p_vec.dot(r_vec)/r**3))"
Electrodynamics,Constant Electric Field in Vacuum,Electric Field Strength of a Point Dipole,E = \frac{1}{4\pi\varepsilon_0} \frac{p}{r^3} \sqrt{1 + 3\cos^2\theta},"Strength of the field of a point dipole with electric moment $\mathbf{p}$, where $\theta$ is the angle between the vectors $\mathbf{r}$ and $\mathbf{p}$.","The magnitude of the electric field E is equal to one over four pi epsilon-naught times the magnitude of the dipole moment p over the cube of the distance r, multiplied by the square root of one plus three times the cosine squared of theta.",This formula gives the magnitude of the electric field strength produced by an electric dipole `p` at a distance `r`. The angle `\theta` is between the dipole moment vector `\mathbf{p}` and the position vector `\mathbf{r}`. It shows that the dipole field falls off as `1/r^3`.,"Eq(E, (1/(4*pi*epsilon_0)) * (p/r**3) * sqrt(1 + 3*cos(theta)**2))"
Electrodynamics,Constant Electric Field in Vacuum,Energy of an Electric Dipole in an External Field,W = -\mathbf{p}\mathbf{E},Energy $W$ of the dipole $\mathbf{p}$ in an external electric field.,The energy W is equal to the negative dot product of the dipole moment p and the external electric field E.,This formula calculates the potential energy of an electric dipole `\mathbf{p}` placed in an external electric field `\mathbf{E}`. The energy is minimized when the dipole moment is aligned with the electric field. It's used to determine the stable orientation of a dipole in a field.,"Eq(W, -p_vec.dot(E_vec))"
Electrodynamics,Constant Electric Field in Vacuum,Torque on an Electric Dipole in an External Field,\mathbf{N} = [\mathbf{p}\mathbf{E}],Moment $\mathbf{N}$ of forces acting on the dipole.,The torque N is equal to the cross product of the dipole moment p and the external electric field E.,This formula calculates the torque `\mathbf{N}` experienced by an electric dipole `\mathbf{p}` when placed in an external electric field `\mathbf{E}`. The torque tends to align the dipole with the electric field. It's used to understand the rotational motion of dipoles.,"Eq(N_vec, p_vec.cross(E_vec))"
Electrodynamics,Constant Electric Field in Vacuum,Force on an Electric Dipole in a Non-Uniform Field (General),\mathbf{F} = p \frac{\partial \mathbf{E}}{\partial l},"Force $\mathbf{F}$ acting on a dipole, where $\partial\mathbf{E}/\partial l$ is the derivative of the vector $\mathbf{E}$ with respect to the dipole direction.",The force F is equal to the magnitude of the dipole moment p times the partial derivative of the electric field E with respect to the direction of the dipole l.,This formula describes the force acting on an electric dipole `p` when it is in a non-uniform electric field. The force depends on how the electric field changes along the direction of the dipole. It's used to calculate the translational motion of a dipole in a varying field.,"Eq(F_vec, p * Derivative(E_vec, l))"
Electrodynamics,Constant Electric Field in Vacuum,Force on an Electric Dipole in a Non-Uniform Field (Component),F_x = \mathbf{p} \cdot \nabla E_x,"Projection $F_x$ of the force acting on a dipole, where $\nabla E_x$ is the gradient of the function $E_x$.",The x-component of the force F_x is equal to the dot product of the dipole moment p and the gradient of the x-component of the electric field E_x.,This formula gives the x-component of the force on an electric dipole `\mathbf{p}` in a non-uniform electric field. It shows that the force component is determined by the dipole's alignment with the gradient of the corresponding field component. It's a specific component of the general force formula `\mathbf{F} = (\mathbf{p} \cdot \nabla) \mathbf{E}`.,"Eq(F_x, p_vec.dot(nabla_op(E_x)))"
Physical Fundamentals of Mechanics,Relativistic Mechanics,Relativistic Energy-Momentum Relation,E ^ {2} - p ^ {2} c ^ {2} = m _ {0} ^ {2} c ^ {4},From equation block (1.8h),Energy squared minus momentum squared times the speed of light squared equals rest mass squared times the speed of light to the fourth power.,"This fundamental equation in special relativity relates the total energy (E) of a particle to its momentum (p), rest mass (m₀), and the speed of light (c). It shows that even a particle at rest (p=0) has energy (E = m₀c²). It's used to describe the energy of particles, especially at high speeds.","Eq(E**2 - p**2 * c**2, m0**2 * c**4)"
Physical Fundamentals of Mechanics,Relativistic Mechanics,Relativistic Momentum in terms of Kinetic Energy,p c = \sqrt {T (T + 2 m _ {0} c ^ {2})},From equation block (1.8h),Momentum times the speed of light equals the square root of kinetic energy times the sum of kinetic energy and twice the rest mass energy.,"This equation expresses the product of momentum (p) and the speed of light (c) in terms of the kinetic energy (T) and rest mass (m₀) of a particle. It's useful for calculating momentum when kinetic energy is known, particularly in relativistic scenarios where T is comparable to m₀c².","Eq(p * c, sqrt(T * (T + 2 * m0 * c**2)))"
Physical Fundamentals of Mechanics,Relativistic Mechanics,Relativistic Energy-Momentum Relation,E ^ {2} - p ^ {2} c ^ {2} = m _ {0} ^ {2} c ^ {4},From equation block (1.8i),Energy squared minus momentum squared times the speed of light squared equals rest mass squared times the speed of light to the fourth power.,"This is the fundamental relativistic energy-momentum relation, identical to the first formula but presented with a different tag. It relates total energy (E), momentum (p), rest mass (m₀), and the speed of light (c), crucial for describing particle dynamics in special relativity.","Eq(E**2 - p**2 * c**2, m0**2 * c**4)"
Thermodynamics and Molecular Physics,Equation of the Gas State. Processes,Ideal Gas Law,pV = \frac{m}{M} RT,where \( M \) is the molar mass.,"Pressure times volume equals mass divided by molar mass, all multiplied by the ideal gas constant and temperature.","Relates the pressure, volume, temperature, and amount of an ideal gas. It's used to describe the behavior of gases under conditions where intermolecular forces and molecular volume are negligible.","Eq(p*V, (m/M)*R*T)"
Thermodynamics and Molecular Physics,Equation of the Gas State. Processes,Barometric Formula,p = p_0 e^{-Mgh/RT},where \( p_0 \) is the pressure at the height \( h = 0 \).,"Pressure equals initial pressure times Euler's number raised to the power of negative molar mass times gravitational acceleration times height, divided by the ideal gas constant times temperature.",Describes how the pressure of a gas (like air) changes with altitude in an isothermal atmosphere. It's used to estimate atmospheric pressure at different heights.,"Eq(p, p_0 * exp(-M*g*h/(R*T)))"
Thermodynamics and Molecular Physics,Equation of the Gas State. Processes,Van der Waals Equation of Gas State,\left(p + \frac{a}{V_M^2}\right)(V_M - b) = RT,where \( V_M \) is the molar volume under given \( p \) and \( T \).,"Pressure plus a constant 'a' divided by molar volume squared, all multiplied by molar volume minus a constant 'b', equals the ideal gas constant times temperature.","An equation of state that extends the ideal gas law to account for the finite size of molecules and the attractive forces between them. It's used for real gases, especially at high pressures and low temperatures where ideal gas assumptions break down.","Eq((p + a/V_M**2)*(V_M - b), R*T)"
Thermodynamics and Molecular Physics,Kinetic Theory of Gases. Boltzmann's Law and Maxwell's Distribution,Boltzmann's formula,n = n_0 e^{-(U-U_0)/kT},where $U$ is the potential energy of a molecule.,"The number density n equals the initial number density n_0 times e to the power of negative the difference between potential energy U and reference potential energy U_0, all divided by Boltzmann constant k times temperature T.","This is Boltzmann's distribution, which describes the relative population of particles in different energy states within a system at thermal equilibrium. It shows how the number density (n) at a potential energy (U) decreases exponentially relative to a reference number density (n_0) at a reference potential energy (U_0) as the potential energy increases. It is widely used in statistical mechanics to model particle distributions in fields like gravity or electric fields.","Eq(n, n_0 * exp(-(U - U_0) / (k * T)))"
Electrodynamics,Electric Current,Current in a Segment (Ohm's Law form 1),I = \frac {V _ {1 2}}{R},where $V_{12}$ is the voltage drop across the segment.,Current equals the voltage drop across the segment divided by resistance.,"This formula represents a basic form of Ohm's Law, stating that the current (I) flowing through a segment of a circuit is directly proportional to the voltage drop ($V_{12}$) across it and inversely proportional to its resistance (R). It is used to calculate current when voltage and resistance are known.","Eq(I, V_12 / R)"
Electrodynamics,Electric Current,Current in a Segment (Ohm's Law form 2),I = \frac {\varphi_ {1} - \varphi_ {2} + \mathcal {E} _ {1 2}}{R},where $V_{12}$ is the voltage drop across the segment.,"Current equals the potential difference plus electromotive force, all divided by resistance.","This is an extended form of Ohm's Law, where the voltage drop $V_{12}$ is explicitly broken down into the potential difference ($\varphi_1 - \varphi_2$) and any electromotive force ($\mathcal{E}_{12}$) present in the segment, divided by the resistance (R). It is used when considering internal EMFs or potential differences within a circuit segment.","Eq(I, (phi_1 - phi_2 + E_12) / R)"
Electrodynamics,Electric Current,"Current in a Segment (Ohm's Law form 1, repeated)",I = \frac {V _ {1 2}}{R},where $V_{12}$ is the voltage drop across the segment.,Current equals the voltage drop across the segment divided by resistance.,"This formula is a repetition of the basic Ohm's Law for a circuit segment, emphasizing that current (I) is the ratio of voltage drop ($V_{12}$) to resistance (R). It serves as a fundamental relationship in circuit analysis.","Eq(I, V_12 / R)"
Electrodynamics,Electric Current,"Current in a Segment (Ohm's Law form 2, repeated)",I = \frac {\varphi_ {1} - \varphi_ {2} + \mathcal {E} _ {1 2}}{R},where $V_{12}$ is the voltage drop across the segment.,"Current equals the potential difference plus electromotive force, all divided by resistance.","This formula is a repetition of the extended Ohm's Law, expressing current (I) in terms of potential difference ($\varphi_1 - \varphi_2$), electromotive force ($\mathcal{E}_{12}$), and resistance (R). It's applicable when the voltage source includes an internal EMF or when analyzing potential changes.","Eq(I, (phi_1 - phi_2 + E_12) / R)"
Electrodynamics,Electric Current,Differential Form of Ohm's Law,\mathbf {j} = \sigma (\mathbf {E} + \mathbf {E} ^ {*}),Differential form of Ohm's law: where $\mathbf{E}^*$ is the strength of a field produced by extraneous forces.,Current density equals conductivity times the sum of the electric field and the extraneous electric field.,"This is the differential form of Ohm's Law, relating current density ($\mathbf{j}$) to the electric field ($\mathbf{E}$), conductivity ($\sigma$), and an extraneous electric field ($\mathbf{E}^*$) caused by non-conservative forces (e.g., chemical or thermal). It is used to describe current flow in materials at a microscopic level, especially when non-electrical forces contribute to charge movement.","Eq(j, sigma * (E + E_star))"
Electrodynamics,Electric Current,Kirchhoff's Current Law (KCL),\sum I _ {h} = 0,Kirchhoff's laws (for an electric circuit).,The sum of currents entering a junction is zero.,Kirchhoff's Current Law (KCL) states that the algebraic sum of currents entering (or leaving) any node (junction) in an electrical circuit is zero. This law is based on the principle of conservation of electric charge and is fundamental for analyzing current distribution in complex circuits.,"Eq(sum_I_h, 0)"
Electrodynamics,Electric Current,Kirchhoff's Voltage Law (KVL),\sum I _ {h} R _ {h} = \sum \mathscr {E} _ {h},Kirchhoff's laws (for an electric circuit).,The sum of voltage drops across resistors in a closed loop equals the sum of electromotive forces in that loop.,"Kirchhoff's Voltage Law (KVL) states that the algebraic sum of the potential differences (voltages) around any closed loop in an electrical circuit is zero. This particular form equates the sum of voltage drops across resistors ($\sum I_h R_h$) to the sum of electromotive forces ($\sum \mathscr{E}_h$) in the loop, reflecting the conservation of energy. It is used to analyze voltage distribution in complex circuits.","Eq(sum_I_h_R_h, sum_E_h)"
Electrodynamics,Electric Current,Electric Power,P = V I,Power $P$ of current and thermal power $Q$.,Power equals voltage times current.,This formula defines the electric power (P) dissipated or supplied in a circuit element as the product of the voltage (V) across it and the current (I) flowing through it. It quantifies the rate at which electrical energy is transferred or consumed.,"Eq(P, V * I)"
Electrodynamics,Electric Current,Electric Power (Expanded),P = \left(\varphi_ {1} - \varphi_ {2} + \mathcal {E} _ {1 2}\right) I,Power $P$ of current and thermal power $Q$.,"Power equals the sum of potential difference and electromotive force, all multiplied by current.","This is an expanded form of the electric power formula, where the voltage (V) is replaced by the potential difference ($\varphi_1 - \varphi_2$) plus any electromotive force ($\mathcal{E}_{12}$) in the segment, multiplied by the current (I). It is used when the voltage source includes an internal EMF or when analyzing power in terms of potential changes.","Eq(P, (phi_1 - phi_2 + E_12) * I)"
Electrodynamics,Electric Current,Thermal Power (Joule Heating),Q = R I ^ {2},Power $P$ of current and thermal power $Q$.,Thermal power equals resistance times the square of the current.,"This formula, known as Joule's Law, calculates the thermal power (Q) dissipated as heat in a resistor (R) when a current (I) flows through it. It quantifies the rate at which electrical energy is converted into heat due to resistive heating.","Eq(Q, R * I**2)"
Electrodynamics,Electric Current,Specific Power of Current,P _ {s p} = \mathbf {j} (\mathbf {E} + \mathbf {E} ^ {*}),Specific power $P_{sp}$ of current and specific thermal power $Q_{sp}$.,Specific power equals current density times the sum of the electric field and the extraneous electric field.,"This formula defines the specific power ($P_{sp}$), which is the power per unit volume, in terms of current density ($\mathbf{j}$), electric field ($\mathbf{E}$), and extraneous electric field ($\mathbf{E}^*$). It represents the rate of energy conversion per unit volume within a material, accounting for both conservative and non-conservative forces.","Eq(P_sp, j * (E + E_star))"
Electrodynamics,Electric Current,Specific Thermal Power,Q _ {s p} = \rho \mathbf {j} ^ {2},Specific power $P_{sp}$ of current and specific thermal power $Q_{sp}$.,Specific thermal power equals resistivity times the square of the current density.,"This formula defines the specific thermal power ($Q_{sp}$), which is the thermal power dissipated per unit volume, in terms of resistivity ($\rho$) and current density ($\mathbf{j}$). It describes the rate of heat generation per unit volume due to resistive heating at a microscopic level.","Eq(Q_sp, rho * j**2)"
Electrodynamics,Electric Current,Current Density in a Metal,\mathbf {j} = e n u,Current density in a metal: where $u$ is the average velocity of carriers.,Current density equals elementary charge times number density of carriers times their average velocity.,"This formula relates the current density ($\mathbf{j}$) in a conductor to the elementary charge ($e$), the number density of charge carriers ($n$), and their average drift velocity ($u$). It is fundamental for understanding the microscopic basis of current flow in materials like metals and semiconductors.","Eq(j, e * n * u)"
Electrodynamics,Electric Current,Recombination Rate,\dot {n} _ {r} = r n ^ {2},Number of ions recombining per unit volume of gas per unit time:,The rate of change of recombining ions per unit volume equals the recombination coefficient times the square of the ion number density.,"This formula describes the rate of recombination ($\dot{n}_r$) of ions per unit volume per unit time, which is proportional to the square of the ion number density ($n$), with $r$ being the recombination coefficient. It is used in plasma physics or gas discharge phenomena to model the loss of charge carriers due to recombination processes.","Eq(n_r_dot, r * n**2)"
Electrodynamics,Constant Magnetic Field. Magnetics,Magnetic field of a point charge,\mathbf {B} = \frac {\mu_ {0}}{4 \pi} \frac {q [ \mathbf {v r} ]}{r ^ {3}},Magnetic field of a point charge $q$ moving with non-relativistic velocity $v$.,"The magnetic field B is equal to mu-naught over four pi, times the charge q, times the cross product of velocity v and position vector r, all divided by r cubed.","This formula describes the magnetic field generated by a single point charge moving at a constant, non-relativistic velocity. It's a fundamental result derived from Maxwell's equations or the Biot-Savart law for a point charge. It shows that the magnetic field is proportional to the charge and its velocity, and inversely proportional to the square of the distance from the charge (since `[v r]` has units of `v*r`, so `r^3` in denominator makes it `1/r^2` dependence). The cross product `[v r]` indicates the direction of the field.","Eq(B_vec, (mu_0 / (4 * pi)) * (q * v_vec.cross(r_vec)) / r**3)"
Electrodynamics,Constant Magnetic Field. Magnetics,Biot-Savart law (volume current),d \mathbf {B} = \frac {\mu_ {0}}{4 \pi} \frac {[ \mathbf {j r} ]}{r ^ {3}} d V,Biot - Savart law.,"The differential magnetic field dB is equal to mu-naught over four pi, times the cross product of current density j and position vector r, divided by r cubed, times the differential volume dV.","This is one form of the Biot-Savart law, which calculates the differential magnetic field `dB` produced by a differential volume element `dV` carrying a current density `j`. It's used to find the magnetic field generated by continuous current distributions.","Eq(dB_vec, (mu_0 / (4 * pi)) * (j_vec.cross(r_vec)) / r**3 * dV)"
Electrodynamics,Constant Magnetic Field. Magnetics,Biot-Savart law (line current),"d \mathbf {B} = \frac {\mu_ {0}}{4 \pi} \frac {I [ d \mathbf {l} , \mathbf {r} ]}{r ^ {3}}",Biot - Savart law.,"The differential magnetic field dB is equal to mu-naught over four pi, times the current I, times the cross product of differential length vector dl and position vector r, all divided by r cubed.","This is the more common form of the Biot-Savart law, calculating the differential magnetic field `dB` produced by a differential current element `I dl`. It's fundamental for calculating magnetic fields from steady currents in wires or loops.","Eq(dB_vec, (mu_0 / (4 * pi)) * (I * dl_vec.cross(r_vec)) / r**3)"
Electrodynamics,Constant Magnetic Field. Magnetics,Ampere's Circuital Law (in vacuum),\oint \mathbf {B} d \mathbf {r} = \mu_ {0} I,Circulation of a vector $\mathbf{B}$ and Gauss's theorem for it.,The closed line integral of the magnetic field B around a loop is equal to mu-naught times the total current I passing through the loop.,This is Ampere's Circuital Law in its integral form for vacuum or non-magnetic materials. It relates the circulation of the magnetic field around a closed loop to the total current enclosed by that loop. It's useful for calculating magnetic fields in situations with high symmetry.,"Eq(Integral(B_vec.dot(dr_vec), (r_vec, C)), mu_0 * I)"
Electrodynamics,Constant Magnetic Field. Magnetics,Gauss's Law for Magnetism,\oint \mathbf {B} d \mathbf {S} = 0,Circulation of a vector $\mathbf{B}$ and Gauss's theorem for it.,The closed surface integral of the magnetic field B over any closed surface is equal to zero.,"This is Gauss's Law for Magnetism, one of Maxwell's equations. It states that there are no magnetic monopoles, meaning magnetic field lines always form closed loops and never begin or end at a point. The net magnetic flux through any closed surface is always zero.","Eq(Integral(B_vec.dot(dS_vec), (S, S_closed)), 0)"
Electrodynamics,Constant Magnetic Field. Magnetics,Lorentz Force,\mathbf {F} = q \mathbf {E} + q [ \mathbf {v B} ],Lorentz force.,The total force F on a charged particle q is the sum of the electric force (q times electric field E) and the magnetic force (q times the cross product of velocity v and magnetic field B).,"This is the Lorentz force law, which describes the total electromagnetic force exerted on a point charge `q` moving with velocity `v` in the presence of an electric field `E` and a magnetic field `B`. It's fundamental to electromagnetism and explains the motion of charged particles in electromagnetic fields.","Eq(F_vec, q * E_vec + q * v_vec.cross(B_vec))"
Electrodynamics,Constant Magnetic Field. Magnetics,Ampere Force (volume current),d \mathbf {F} = [ \mathbf {j B} ] d V,Ampere force.,"The differential force dF on a volume element dV with current density j in a magnetic field B is the cross product of j and B, times dV.",This formula describes the differential Ampere force acting on a volume element `dV` carrying a current density `j` when placed in a magnetic field `B`. It's used to calculate forces on current-carrying conductors with distributed currents.,"Eq(dF_vec, j_vec.cross(B_vec) * dV)"
Electrodynamics,Constant Magnetic Field. Magnetics,Ampere Force (line current),"d \mathbf {F} = I [ d \mathbf {l}, \mathbf {B} ]",Ampere force.,The differential force dF on a differential length element dl of a wire carrying current I in a magnetic field B is the current I times the cross product of dl and B.,"This is the more common form of the Ampere force, describing the differential force `dF` acting on a differential length element `dl` of a wire carrying current `I` when placed in a magnetic field `B`. It's used to calculate forces on current-carrying wires.","Eq(dF_vec, I * dl_vec.cross(B_vec))"
Electrodynamics,Constant Magnetic Field. Magnetics,Force on a magnetic dipole,\mathbf {F} = p _ {m} \frac {\partial \mathbf {B}}{\partial n},Force and moment of forces acting on a magnetic dipole $\mathbf{p}_m = I S \mathbf{n}$. Where $\partial \mathbf{B} / \partial n$ is the derivative of a vector $\mathbf{B}$ with respect to the dipole direction.,The force F on a magnetic dipole with magnetic moment p_m is equal to p_m times the derivative of the magnetic field B with respect to the dipole direction n.,This formula gives the force exerted on a magnetic dipole `p_m` in a non-uniform magnetic field `B`. The force depends on the gradient of the magnetic field along the dipole's direction. A magnetic dipole experiences a net force only if the magnetic field is non-uniform.,"Eq(F_vec, p_m * Derivative(B_vec, n_scalar))"
Electrodynamics,Constant Magnetic Field. Magnetics,Torque on a magnetic dipole,\mathbf {N} = [ \mathbf {p} _ {m} \mathbf {B} ],Force and moment of forces acting on a magnetic dipole $\mathbf{p}_m = I S \mathbf{n}$.,The torque N on a magnetic dipole with magnetic moment p_m in a magnetic field B is the cross product of p_m and B.,This formula describes the torque `N` experienced by a magnetic dipole `p_m` when placed in a magnetic field `B`. The torque tends to align the magnetic dipole with the magnetic field.,"Eq(N_vec, p_m_vec.cross(B_vec))"
Electrodynamics,Constant Magnetic Field. Magnetics,Circulation of magnetization,\oint \mathbf {J} d \mathbf {r} = I ^ {\prime},Circulation of magnetization $\mathbf{J}$. Where $I'$ is the total molecular current.,The closed line integral of the magnetization vector J around a loop is equal to the total molecular current I-prime enclosed by the loop.,This equation relates the circulation of the magnetization vector `J` around a closed loop to the total molecular current `I'` (also known as bound current) enclosed by that loop. It's relevant in understanding magnetic materials where atomic-level currents contribute to the overall magnetization.,"Eq(Integral(J_vec.dot(dr_vec), (r_vec, C)), I_prime)"
Electrodynamics,Constant Magnetic Field. Magnetics,Magnetic field strength definition,\mathbf {H} = \frac {\mathbf {B}}{\mu_ {0}} - \mathbf {J},Vector $\mathbf{H}$ and its circulation.,"The magnetic field strength H is equal to the magnetic field B divided by the permeability of free space mu-naught, minus the magnetization J.","This equation defines the magnetic field strength `H` (also called auxiliary magnetic field) in terms of the magnetic field `B`, the permeability of free space `mu_0`, and the magnetization `J` of the material. `H` is particularly useful when dealing with magnetic materials, as it accounts for the effects of both free currents and bound currents (magnetization).","Eq(H_vec, B_vec / mu_0 - J_vec)"
Electrodynamics,Constant Magnetic Field. Magnetics,Ampere's Law for H-field,\oint \mathbf {H} d \mathbf {r} = I,Vector $\mathbf{H}$ and its circulation. Where $I$ is the algebraic sum of macroscopic currents.,The closed line integral of the magnetic field strength H around a loop is equal to the total macroscopic current I enclosed by the loop.,"This is Ampere's Law in terms of the magnetic field strength `H`. It states that the circulation of `H` around a closed loop is equal to the total free (macroscopic) current `I` enclosed by the loop. This form is particularly useful for problems involving magnetic materials, as it only considers free currents, simplifying calculations.","Eq(Integral(H_vec.dot(dr_vec), (r_vec, C)), I)"
Electrodynamics,Constant Magnetic Field. Magnetics,Boundary condition for normal B-field,B _ {1 n} = B _ {2 n},Relations at the boundary between two magnetics.,The normal component of the magnetic field B is continuous across the boundary between two magnetic materials.,"This is a boundary condition for magnetic fields. It states that the normal component of the magnetic field `B` is continuous across the interface between two different magnetic materials. This implies that magnetic field lines do not ""break"" at the boundary.","Eq(B_1n, B_2n)"
Electrodynamics,Constant Magnetic Field. Magnetics,Boundary condition for tangential H-field (no free current),H _ {1 \tau} = H _ {2 \tau},Relations at the boundary between two magnetics.,"The tangential component of the magnetic field strength H is continuous across the boundary between two magnetic materials, assuming no free surface currents.","This is another boundary condition for magnetic fields. It states that the tangential component of the magnetic field strength `H` is continuous across the interface between two different magnetic materials, provided there are no free surface currents at the boundary. If there were free surface currents, the tangential `H` would be discontinuous.","Eq(H_1tau, H_2tau)"
Electrodynamics,Constant Magnetic Field. Magnetics,Constitutive relation for linear magnetics,\mathbf {B} = \mu \mu_ {0} \mathbf {H},For the case of magnetics in which $\mathbf{J} = \chi \mathbf{H}$.,"The magnetic field B is equal to the relative permeability mu, times the permeability of free space mu-naught, times the magnetic field strength H.","This is a constitutive relation for linear, isotropic magnetic materials. It relates the magnetic field `B` to the magnetic field strength `H` through the permeability of free space `mu_0` and the relative permeability `mu` of the material. It's valid when the magnetization `J` is linearly proportional to `H` (i.e., `J = chi H`).","Eq(B_vec, mu * mu_0 * H_vec)"
Electrodynamics,Constant Magnetic Field. Magnetics,Relation between relative permeability and magnetic susceptibility,\mu = 1 + \chi,For the case of magnetics in which $\mathbf{J} = \chi \mathbf{H}$.,The relative permeability mu is equal to one plus the magnetic susceptibility chi.,"This equation defines the relationship between the relative permeability `mu` and the magnetic susceptibility `chi` for a magnetic material. Magnetic susceptibility `chi` quantifies how much a material will become magnetized in an applied magnetic field, while relative permeability `mu` describes the factor by which the magnetic field is increased or decreased inside the material compared to a vacuum.","Eq(mu, 1 + chi)"
Electrodynamics,Motion of Charged Particles in Electric and Magnetic Fields,Lorentz Force,\mathbf{F} = q\mathbf{E} + q[\mathbf{vB}],Lorentz force:,"The Lorentz force F is the sum of the electric force, which is the charge q times the electric field E, and the magnetic force, which is the charge q times the cross product of the velocity v and the magnetic field B.",Describes the total force experienced by a charged particle moving in both electric and magnetic fields. It is fundamental in electromagnetism for understanding particle motion.,"Eq(F_vec, q*E_vec + q*v_vec.cross(B_vec))"
Electrodynamics,Motion of Charged Particles in Electric and Magnetic Fields,Relativistic Equation of Motion,\frac{d}{dt} \frac{m_0 \mathbf{v}}{\sqrt{1 - (v/c)^2}} = \mathbf{F},Motion equation of a relativistic particle:,"The time derivative of the relativistic momentum, which is the rest mass m_0 times the velocity vector v divided by the square root of one minus the square of the ratio of velocity magnitude v to the speed of light c, is equal to the force vector F.","This is Newton's second law adapted for relativistic speeds. It states that the rate of change of relativistic momentum is equal to the net force acting on the particle, accounting for mass increase at high velocities.","Eq(diff(m0*v_vec / sqrt(1 - (v_mag/c)**2), t), F_vec)"
Electrodynamics,Motion of Charged Particles in Electric and Magnetic Fields,Period of Revolution in Uniform Magnetic Field,T = \frac{2\pi m}{qB},Period of revolution of a charged particle in a uniform magnetic field:,"The period T is equal to two pi times the relativistic mass m, divided by the charge q times the magnetic field magnitude B.","Calculates the time it takes for a charged particle to complete one full revolution in a uniform magnetic field, assuming the particle's motion is perpendicular to the field. It depends on the particle's mass, charge, and the magnetic field strength.","Eq(T, 2*pi*m / (q*B_mag))"
Electrodynamics,Motion of Charged Particles in Electric and Magnetic Fields,Relativistic Mass,m = m_0 / \sqrt{1 - (v/c)^2},where $m$ is the relativistic mass of the particle,The relativistic mass m is equal to the rest mass m_0 divided by the square root of one minus the square of the ratio of velocity magnitude v to the speed of light c.,Defines how the mass of a particle increases as its speed approaches the speed of light. This relativistic effect is crucial in high-energy physics and particle accelerators.,"Eq(m, m0 / sqrt(1 - (v_mag/c)**2))"
Electrodynamics,Motion of Charged Particles in Electric and Magnetic Fields,Betatron Condition,B_0 = \frac{1}{2} \langle B \rangle,"Betatron condition, that is the condition for an electron to move along a circular orbit in a betatron:","The magnetic induction at the orbit's point B_0 is equal to one-half of the mean value of the magnetic induction inside the orbit, denoted as average B.",This condition ensures that electrons in a betatron accelerator remain in a stable circular orbit while being accelerated. It relates the magnetic field at the orbit to the average magnetic field within the orbit.,"Eq(B0, Rational(1,2) * B_avg)"
Oscillations and Waves,Mechanical Oscillations,Harmonic Oscillator Equation,\ddot{x}+\omega_{0}^{2} x=0,Harmonic motion equation,The second time derivative of position x plus the natural frequency squared times x equals zero.,"This is the fundamental equation for a simple harmonic oscillator, describing undamped, free oscillations. It models systems like a mass on a spring or a simple pendulum at small angles, where the restoring force is proportional to the displacement. `x` is displacement, `$\omega_0$` is the natural angular frequency.","Eq(Derivative(x(t), t, 2) + omega_0**2 * x(t), 0)"
Oscillations and Waves,Mechanical Oscillations,Solution to Harmonic Oscillator Equation,x=a \cos \left(\omega_{0} t+\alpha\right),its solution,Position x equals amplitude a times the cosine of the natural frequency times time plus phase angle alpha.,"This is the general solution for the simple harmonic oscillator equation. It describes the displacement `x` as a sinusoidal function of time `t`. `a` is the amplitude, `$\omega_0$` is the natural angular frequency, and `$\alpha$` is the initial phase angle.","Eq(x(t), a * cos(omega_0 * t + alpha))"
Oscillations and Waves,Mechanical Oscillations,Damped Oscillation Equation,\ddot{x}+2 \beta \dot{x}+\omega_{0}^{2} x=0,Damped oscillation equation,The second time derivative of position x plus two times the damping coefficient times the first time derivative of x plus the natural frequency squared times x equals zero.,"This equation describes the motion of a damped harmonic oscillator, where a damping force proportional to velocity is present. `$\beta$` is the damping coefficient, `$\dot{x}$` is velocity, and `$\ddot{x}$` is acceleration.","Eq(Derivative(x(t), t, 2) + 2 * beta * Derivative(x(t), t) + omega_0**2 * x(t), 0)"
Oscillations and Waves,Mechanical Oscillations,Solution to Damped Oscillation Equation,x=a_{0} \mathrm{e}^{-\beta t} \cos (\omega t+\alpha),its solution,"Position x equals initial amplitude a_0 times e to the power of negative damping coefficient times time, all multiplied by the cosine of the damped frequency times time plus phase angle alpha.","This is the general solution for an underdamped harmonic oscillator. The amplitude `a_0` decays exponentially over time due to the `$\mathrm{e}^{-\beta t}$` term, and the oscillation occurs at the damped frequency `$\omega$`.","Eq(x(t), a_0 * exp(-beta * t) * cos(omega * t + alpha))"
Oscillations and Waves,Mechanical Oscillations,Damped Oscillation Frequency,\omega=\sqrt{\omega_{0}^{2}-\beta^{2}},frequency of damped oscillations,The damped oscillation frequency omega equals the square root of the natural frequency squared minus the damping coefficient squared.,This formula relates the damped oscillation frequency `$\omega$` to the natural frequency `$\omega_0$` and the damping coefficient `$\beta$`. It applies to underdamped systems where `$\omega_0^2 > \beta^2$`.,"Eq(omega, sqrt(omega_0**2 - beta**2))"
Oscillations and Waves,Mechanical Oscillations,Logarithmic Damping Decrement,\lambda=\beta T,Logarithmic damping decrement \lambda,The logarithmic damping decrement lambda equals the damping coefficient beta times the period T.,The logarithmic damping decrement `$\lambda$` quantifies how quickly the amplitude of damped oscillations decreases over one period `T`. It's a dimensionless measure of damping.,"Eq(lamda, beta * T)"
Oscillations and Waves,Mechanical Oscillations,Quality Factor,Q=\pi / \lambda,quality factor Q,The quality factor Q equals pi divided by the logarithmic damping decrement lambda.,"The quality factor `Q` is a dimensionless parameter that describes how underdamped an oscillator is. A high `Q` indicates low damping and long-lasting oscillations, while a low `Q` indicates significant damping. It's inversely proportional to the logarithmic damping decrement.","Eq(Q, pi / lamda)"
Oscillations and Waves,Mechanical Oscillations,Period of Damped Oscillation,T=2 \pi / \omega,where T,The period T equals two pi divided by the damped oscillation frequency omega.,This formula defines the period `T` of the damped oscillations in terms of the damped angular frequency `$\omega$`. It's the time taken for one complete oscillation cycle.,"Eq(T, 2 * pi / omega)"
Oscillations and Waves,Mechanical Oscillations,Forced Oscillation Equation,\ddot{x}+2 \beta \dot{x}+\omega_{0}^{2} x=f_{0} \cos \omega t,Forced oscillation equation,The second time derivative of position x plus two times the damping coefficient times the first time derivative of x plus the natural frequency squared times x equals the amplitude of the forcing function times the cosine of the forcing frequency times time.,"This equation describes a damped harmonic oscillator subjected to an external sinusoidal driving force. `f_0` is the amplitude of the driving force per unit mass, and `$\omega$` is the driving frequency.","Eq(Derivative(x(t), t, 2) + 2 * beta * Derivative(x(t), t) + omega_0**2 * x(t), f_0 * cos(omega * t))"
Oscillations and Waves,Mechanical Oscillations,Steady-State Solution for Forced Oscillation,x=a \cos (\omega t-\varphi),its steady-state solution,Position x equals amplitude a times the cosine of the forcing frequency times time minus the phase shift phi.,"This is the steady-state solution for a forced damped harmonic oscillator. After transient effects die out, the system oscillates at the driving frequency `$\omega$` with a constant amplitude `a` and a phase shift `$\varphi$` relative to the driving force.","Eq(x(t), a * cos(omega * t - phi))"
Oscillations and Waves,Mechanical Oscillations,Amplitude of Forced Oscillation,a=\frac{f_{0}}{\sqrt{\left(\omega_{0}^{2}-\omega^{2}\right)^{2}+4 \beta^{2} \omega^{2}}},where a,"The amplitude a equals the forcing amplitude f_0 divided by the square root of the quantity (natural frequency squared minus forcing frequency squared) squared, plus four times the damping coefficient squared times the forcing frequency squared.","This formula gives the steady-state amplitude `a` of a forced damped oscillator. It shows how the amplitude depends on the driving frequency `$\omega$`, natural frequency `$\omega_0$`, damping coefficient `$\beta$`, and forcing amplitude `f_0`. Resonance occurs when the denominator is minimized.","Eq(a, f_0 / sqrt((omega_0**2 - omega**2)**2 + 4 * beta**2 * omega**2))"
Oscillations and Waves,Mechanical Oscillations,Phase Shift of Forced Oscillation,\tan \varphi=\frac{2 \beta \omega}{\omega_{0}^{2}-\omega^{2}},tan phi,"The tangent of the phase shift phi equals two times the damping coefficient times the forcing frequency, divided by the natural frequency squared minus the forcing frequency squared.","This formula determines the phase shift `$\varphi$` between the driving force and the steady-state displacement of a forced damped oscillator. The phase shift depends on the driving frequency, natural frequency, and damping.","Eq(tan(phi), (2 * beta * omega) / (omega_0**2 - omega**2))"
Oscillations and Waves,Mechanical Oscillations,Resonance Frequency for Amplitude,\omega_{r e s}=\sqrt{\omega_{0}^{2}-2 \beta^{2}},Maximum shift amplitude occurs at omega_res,The resonance frequency omega_res equals the square root of the natural frequency squared minus two times the damping coefficient squared.,This is the frequency at which the amplitude of a forced damped oscillator reaches its maximum value (amplitude resonance). It is slightly lower than the natural frequency `$\omega_0$` due to damping.,"Eq(omega_res, sqrt(omega_0**2 - 2 * beta**2))"
Oscillations and Waves,Electric Oscillations,Damped Oscillation Charge,q = q_m e^{-\beta t} \cos(\omega t + \alpha),None,"The charge 'q' at time 't' is the maximum charge 'q_m' multiplied by an exponential damping factor 'e' to the power of negative beta 't', times the cosine of omega 't' plus alpha.","This equation describes the charge 'q' on a capacitor in a series RLC circuit undergoing damped oscillations. 'q_m' is the initial maximum charge, 'β' is the damping coefficient, 'ω' is the angular frequency of the damped oscillation, and 'α' is the phase constant. It shows how the charge oscillates with decreasing amplitude over time due to energy dissipation (resistance).","Eq(q, q_m * exp(-beta * t) * cos(omega * t + alpha))"
Oscillations and Waves,Electric Oscillations,Damped Angular Frequency,\omega = \sqrt{\omega_0^2 - \beta^2},None,The damped angular frequency 'omega' is the square root of the natural angular frequency 'omega_0' squared minus the damping coefficient 'beta' squared.,This formula defines the angular frequency 'ω' of damped oscillations in an RLC circuit. It relates 'ω' to the natural (undamped) angular frequency 'ω_0' and the damping coefficient 'β'. Damping reduces the oscillation frequency compared to the undamped case.,"Eq(omega, sqrt(omega_0**2 - beta**2))"
Oscillations and Waves,Electric Oscillations,Natural Angular Frequency,\omega_0 = \frac{1}{\sqrt{LC}},None,The natural angular frequency 'omega_0' is one divided by the square root of the inductance 'L' times the capacitance 'C'.,This equation gives the natural (undamped) angular frequency 'ω_0' of an LC circuit. It represents the frequency at which the circuit would oscillate if there were no resistance (no damping). It's fundamental for understanding resonance.,"Eq(omega_0, 1 / sqrt(L * C))"
Oscillations and Waves,Electric Oscillations,Damping Coefficient,\beta = \frac{R}{2L},None,The damping coefficient 'beta' is the resistance 'R' divided by two times the inductance 'L'.,This formula defines the damping coefficient 'β' for an RLC circuit. It quantifies how quickly oscillations decay due to energy dissipation by the resistor 'R'. A larger 'β' means faster damping.,"Eq(beta, R / (2 * L))"
Oscillations and Waves,Electric Oscillations,Logarithmic Damping Decrement (low damping),\lambda = \pi R \sqrt{\frac{C}{L}},None,The logarithmic damping decrement 'lambda' is pi times the resistance 'R' times the square root of the capacitance 'C' divided by the inductance 'L'.,This equation provides an approximation for the logarithmic damping decrement 'λ' when damping is low. It's a measure of how much the amplitude of successive oscillations decreases. It's useful for characterizing the damping in weakly damped systems.,"Eq(lamda, pi * R * sqrt(C / L))"
Oscillations and Waves,Electric Oscillations,Quality Factor (low damping),Q = \frac{1}{R} \sqrt{\frac{L}{C}},None,The quality factor 'Q' is one divided by the resistance 'R' times the square root of the inductance 'L' divided by the capacitance 'C'.,"This formula defines the quality factor 'Q' for a circuit, particularly useful for low damping. 'Q' is a dimensionless parameter that describes how underdamped an oscillator is. A high 'Q' indicates low damping and a narrow resonance curve, meaning the circuit stores energy for many cycles before it's dissipated.","Eq(Q, (1 / R) * sqrt(L / C))"
Oscillations and Waves,Electric Oscillations,Steady-State Forced Current,I = I_m \cos(\omega t - \varphi),None,The current 'I' at time 't' is the maximum current 'I_m' times the cosine of omega 't' minus the phase angle 'phi'.,"This equation describes the steady-state current 'I' in a series RLC circuit driven by an external sinusoidal voltage V = V_m cos(ωt). 'I_m' is the maximum current amplitude, 'ω' is the driving angular frequency, and 'φ' is the phase difference between the voltage and current. It shows the circuit's response to a continuous external driving force.","Eq(I, I_m * cos(omega * t - phi))"
Oscillations and Waves,Electric Oscillations,Maximum Current Amplitude (Forced Oscillation),I_m = \frac{V_m}{\sqrt{R^2 + \left(\omega L - \frac{1}{\omega C}\right)^2}},None,"The maximum current 'I_m' is the maximum voltage 'V_m' divided by the square root of the resistance 'R' squared plus the quantity 'omega' 'L' minus one over 'omega' 'C', all squared.","This formula calculates the maximum current amplitude 'I_m' in a series RLC circuit under steady-state forced oscillation. The denominator represents the impedance 'Z' of the circuit, which depends on resistance 'R', inductive reactance 'ωL', and capacitive reactance '1/(ωC)'. It's crucial for understanding how the circuit's components affect the current response to a given voltage.","Eq(I_m, V_m / sqrt(R**2 + (omega * L - 1 / (omega * C))**2))"
Oscillations and Waves,Electric Oscillations,Phase Angle Tangent (Forced Oscillation),\tan \varphi = \frac{\omega L - \frac{1}{\omega C}}{R},The corresponding vector diagram for voltages is shown in Fig. 4.26.,"The tangent of the phase angle 'phi' is the quantity 'omega' 'L' minus one over 'omega' 'C', all divided by the resistance 'R'.","This equation determines the phase angle 'φ' between the applied voltage and the resulting current in a series RLC circuit under forced oscillation. It relates 'φ' to the inductive reactance 'ωL', capacitive reactance '1/(ωC)', and resistance 'R'. A positive 'φ' means current lags voltage, while a negative 'φ' means current leads voltage. It's essential for understanding the timing relationship between voltage and current in AC circuits.","Eq(tan(phi), (omega * L - 1 / (omega * C)) / R)"
Oscillations and Waves,Electric Oscillations,Power in AC Circuit,P = VI \cos \varphi,None,The power 'P' is the effective voltage 'V' times the effective current 'I' times the cosine of the phase angle 'phi'.,"This formula calculates the average power 'P' generated or dissipated in an AC circuit. 'V' and 'I' are the RMS (effective) values of voltage and current, and 'cos φ' is the power factor. It shows that only the component of current in phase with the voltage contributes to the average power.","Eq(P, V * I * cos(phi))"
Oscillations and Waves,Electric Oscillations,Effective Voltage (RMS),V = V_m / \sqrt{2},None,The effective voltage 'V' is the maximum voltage 'V_m' divided by the square root of two.,"This equation defines the effective (RMS, Root Mean Square) value of a sinusoidal voltage 'V' in terms of its maximum amplitude 'V_m'. RMS values are used to represent AC quantities in a way that allows for direct comparison with DC power calculations.","Eq(V, V_m / sqrt(2))"
Oscillations and Waves,Electric Oscillations,Effective Current (RMS),I = I_m / \sqrt{2},None,The effective current 'I' is the maximum current 'I_m' divided by the square root of two.,"This equation defines the effective (RMS, Root Mean Square) value of a sinusoidal current 'I' in terms of its maximum amplitude 'I_m'. RMS values are used to represent AC quantities in a way that allows for direct comparison with DC power calculations.","Eq(I, I_m / sqrt(2))"
Oscillations and Waves,Elastic Waves. Acoustics,Plane Wave Equation,\xi = a \cos (\omega t - k x),Equations of plane and spherical waves.,Displacement xi equals amplitude a times cosine of (angular frequency omega times time t minus wave number k times position x).,Describes the displacement of a particle in a one-dimensional plane wave propagating in the positive x-direction. It shows how the displacement varies with time and position. Used to model simple wave phenomena.,"Eq(xi, a * cos(omega * t - k * x))"
Oscillations and Waves,Elastic Waves. Acoustics,Spherical Wave Equation,\xi = \frac{a_0}{r} \cos (\omega t - k r),Equations of plane and spherical waves.,Displacement xi equals initial amplitude a_0 divided by radius r times cosine of (angular frequency omega times time t minus wave number k times radius r).,"Describes the displacement of a particle in a spherical wave, where the amplitude decreases with distance (r) from the source. Used to model waves radiating outwards from a point source in three dimensions.","Eq(xi, (a_0 / r) * cos(omega * t - k * r))"
Oscillations and Waves,Elastic Waves. Acoustics,3D Wave Equation,\frac{\partial^2 \xi}{\partial x^2} + \frac{\partial^2 \xi}{\partial y^2} + \frac{\partial^2 \xi}{\partial z^2} = \frac{1}{v^2} \frac{\partial^2 \xi}{\partial t^2},Wave equation.,"The second partial derivative of displacement xi with respect to x, plus the second partial derivative of xi with respect to y, plus the second partial derivative of xi with respect to z, equals one over wave speed v squared times the second partial derivative of xi with respect to time t.","A fundamental partial differential equation that describes the propagation of a variety of waves, such as sound waves, light waves, and water waves. It relates the spatial and temporal derivatives of the wave function.","Eq(Derivative(xi, x, 2) + Derivative(xi, y, 2) + Derivative(xi, z, 2), (1/v_wave_speed**2) * Derivative(xi, t, 2))"
Oscillations and Waves,Elastic Waves. Acoustics,Longitudinal Wave Phase Velocity,v_{\parallel} = \sqrt{E/\rho},"Phase velocity of longitudinal waves in an elastic medium ($v_{\parallel}$). $E$ is Young's modulus, $\rho$ is the density of the medium.",Longitudinal phase velocity v_parallel equals the square root of Young's modulus E divided by density rho.,Calculates the speed at which a longitudinal wave (like a sound wave) propagates through an elastic medium. It depends on the medium's stiffness (Young's modulus) and its inertia (density).,"Eq(v_parallel, sqrt(E / rho))"
Oscillations and Waves,Elastic Waves. Acoustics,Transverse Wave Phase Velocity (String),v_{\perp} = \sqrt{T/\rho_1},"Phase velocity of transverse waves in a string ($v_{\perp}$). $T$ is the tension of the string, $\rho_1$ is its linear density.",Transverse phase velocity v_perp equals the square root of tension T divided by linear density rho_1.,Calculates the speed at which a transverse wave propagates along a stretched string. It depends on the tension in the string and its mass per unit length.,"Eq(v_perp, sqrt(T / rho_1))"
Oscillations and Waves,Elastic Waves. Acoustics,Instantaneous Volume Energy Density of Elastic Wave,w = \rho a^2 \omega^2 \sin^2 (\omega t - k x),Volume density of energy of an elastic wave.,Instantaneous volume energy density w equals density rho times amplitude a squared times angular frequency omega squared times sine squared of (angular frequency omega times time t minus wave number k times position x).,Represents the instantaneous energy stored per unit volume in an elastic wave at a specific point in space and time. It varies sinusoidally with the wave's phase.,"Eq(w_inst, rho * a**2 * omega**2 * sin(omega * t - k * x)**2)"
Oscillations and Waves,Elastic Waves. Acoustics,Average Volume Energy Density of Elastic Wave,\langle w \rangle = 1/2 \rho a^2 \omega^2,Volume density of energy of an elastic wave.,Average volume energy density of an elastic wave equals one half times density rho times amplitude a squared times angular frequency omega squared.,Represents the time-averaged energy stored per unit volume in an elastic wave. This value is constant for a given wave and is often used to characterize the wave's energy content.,"Eq(w_avg, S(1)/2 * rho * a**2 * omega**2)"
Oscillations and Waves,Elastic Waves. Acoustics,Energy Flow Density (Umov Vector),\mathbf{j} = w \mathbf{v},"Energy flow density, or the Umov vector for a travelling wave.",Energy flow density vector j equals instantaneous volume energy density w times wave velocity vector v.,Defines the instantaneous energy flow per unit area per unit time (power per unit area) for a travelling wave. It's the product of the instantaneous energy density and the wave's velocity.,"Eq(j_vec, w_inst * v_wave_vec)"
Oscillations and Waves,Elastic Waves. Acoustics,Average Energy Flow Density (Umov Vector),\langle \mathbf{j} \rangle = 1/2 \rho a^2 \omega^2 \mathbf{v},"Energy flow density, or the Umov vector for a travelling wave.",Average energy flow density vector j equals one half times density rho times amplitude a squared times angular frequency omega squared times wave velocity vector v.,Represents the time-averaged energy flow per unit area per unit time for a travelling wave. This is often referred to as the intensity of the wave.,"Eq(j_vec_avg, S(1)/2 * rho * a**2 * omega**2 * v_wave_vec)"
Oscillations and Waves,Elastic Waves. Acoustics,Standing Wave Equation,\xi = a \cos kx \cdot \cos \omega t,Standing wave equation.,Displacement xi equals amplitude a times cosine of (wave number k times position x) times cosine of (angular frequency omega times time t).,"Describes the displacement of a particle in a standing wave, which results from the superposition of two identical waves travelling in opposite directions. It shows fixed nodes and antinodes.","Eq(xi, a * cos(k * x) * cos(omega * t))"
Oscillations and Waves,Elastic Waves. Acoustics,Acoustical Doppler Effect (Frequency Shift),\mathbf{v} = v_0 \frac{v + v_{ob}}{v - v_s},Acoustical Doppler effect.,"Observed frequency (or apparent velocity, as written) v_vector equals source frequency (or source velocity, as written) v_0 times (wave speed v plus observer speed v_ob) divided by (wave speed v minus source speed v_s).","Describes the change in frequency (or pitch) of a sound wave as perceived by an observer due to the relative motion between the source of the sound and the observer. 'v' is the speed of sound, 'v_ob' is the observer's speed, and 'v_s' is the source's speed. The formula as written uses '\mathbf{v}' on the LHS and 'v_0' on the RHS, which typically represent observed and source frequencies, respectively, in the context of the Doppler effect, despite the notation suggesting velocities.","Eq(v_doppler_obs, v_doppler_src * (v_sound + v_ob) / (v_sound - v_s))"
Oscillations and Waves,Elastic Waves. Acoustics,Loudness Level (Bels),L = \log (I/I_0),Loudness level (in bels).,Loudness level L equals the base-10 logarithm of (sound intensity I divided by reference intensity I_0).,"Defines the loudness level of a sound in bels, a logarithmic unit. It compares the intensity of a sound (I) to a reference intensity (I_0), typically the threshold of human hearing. This scale is used because human perception of loudness is logarithmic.","Eq(L, log(I / I0, 10))"
Oscillations and Waves,Elastic Waves. Acoustics,Sound Intensity from Pressure Amplitude,I = (\Delta p)_m^2 / 2\rho v,Relation between the intensity $I$ of a sound wave and the pressure oscillation amplitude $(\Delta p)_m$.,"Sound intensity I equals the pressure oscillation amplitude delta p_m squared, divided by (two times density rho times wave speed v).","Relates the intensity of a sound wave to the maximum pressure variation (amplitude) in the medium. It shows that intensity is proportional to the square of the pressure amplitude, and inversely proportional to the medium's density and the wave's speed.","Eq(I, (Delta_p_m**2) / (2 * rho * v_wave_speed))"
Oscillations and Waves,Electromagnetic Waves. Radiation,Larmor Power (Electric Dipole),P=\frac{1}{4 \pi \varepsilon_{0}} \frac{2 \dot{\mathbf{p}}^{2}}{3 c^{3}},Radiation power of an electric dipole with moment $\mathbf{p}(t)$,"The radiation power P equals one over four pi epsilon naught, multiplied by two times the square of the time derivative of the electric dipole moment p, all divided by three times the speed of light c cubed.","This formula calculates the total power radiated by an oscillating electric dipole. It is a fundamental result in classical electrodynamics, showing that the power radiated is proportional to the square of the magnitude of the time derivative of the dipole moment. It's used to describe energy loss due to electromagnetic radiation from systems like antennas.","Eq(P, (1/(4*pi*epsilon_0)) * (2 * p_dot**2) / (3 * c**3))"
Oscillations and Waves,Electromagnetic Waves. Radiation,Larmor Power (Accelerating Charge),P=\frac{1}{4 \pi \varepsilon_{0}} \frac{2 q^{2} \mathbf{w}^{2}}{3 c^{3}},"Radiation power of a charge $q$, moving with acceleration $\mathbf{w}$","The radiation power P equals one over four pi epsilon naught, multiplied by two times the square of the charge q times the square of the acceleration w, all divided by three times the speed of light c cubed.","This is Larmor's formula, which describes the total power radiated by a single non-relativistic accelerating point charge. It demonstrates that an accelerating charge loses energy by emitting electromagnetic radiation. The power radiated is proportional to the square of the charge and the square of its acceleration, and is crucial for understanding phenomena like bremsstrahlung.","Eq(P, (1/(4*pi*epsilon_0)) * (2 * q**2 * w**2) / (3 * c**3))"
Optics,Photometry and Geometrical Optics,Luminous Intensity,I = \frac{d\Phi}{d\Omega},,Luminous intensity I is the differential luminous flux dPhi per differential solid angle dOmega.,"This formula defines luminous intensity as the luminous flux emitted by a point source per unit solid angle. It quantifies how much visible light is emitted in a particular direction, indicating the directional brightness of a light source.","Eq(I, phi_diff/omega_diff)"
Optics,Photometry and Geometrical Optics,Illuminance,E = \frac{d\Phi_{inc}}{dS},,Illuminance E is the differential incident luminous flux dPhi_inc per differential surface area dS.,"This formula defines illuminance as the luminous flux incident on a surface per unit area. It measures the density of luminous flux received by a surface, indicating how brightly a surface is illuminated.","Eq(E, phi_inc_diff/S_diff)"
Optics,Photometry and Geometrical Optics,Illuminance from a Point Isotropic Source,E = \frac{I \cos \alpha}{r^2},,"Illuminance E equals luminous intensity I times the cosine of angle alpha, divided by the square of the distance r.",This formula calculates the illuminance on a surface from a point isotropic source. It shows that illuminance decreases with the square of the distance from the source and depends on the angle (alpha) between the surface normal and the direction to the source.,"Eq(E, I * cos(alpha) / r**2)"
Optics,Photometry and Geometrical Optics,Luminous Exitance (Luminosity),M = \frac{d\Phi_{emit}}{dS},,Luminous exitance M is the differential emitted luminous flux dPhi_emit per differential surface area dS.,"This formula defines luminous exitance (also known as luminosity) as the total luminous flux emitted from a surface per unit area. It quantifies the total light output from a surface, regardless of the direction of emission.","Eq(M, phi_emit_diff/S_diff)"
Optics,Photometry and Geometrical Optics,Luminance,L = \frac{d\Phi}{d\Omega \Delta S \cos \theta},,"Luminance L is the differential luminous flux dPhi per differential solid angle dOmega, differential surface area Delta S, and the cosine of angle theta.","This formula defines luminance as the luminous intensity per unit projected area of a surface, in a given direction. It describes how bright a surface appears to an observer, considering both the light emitted/reflected and the viewing angle.","Eq(L, phi_diff / (omega_diff * S_delta * cos(theta)))"
Optics,Photometry and Geometrical Optics,Luminous Exitance for a Lambert Source,M = \pi L,,Luminous exitance M equals pi times luminance L.,"This formula relates luminous exitance (M) to luminance (L) specifically for a Lambertian source. A Lambertian source appears equally bright from all viewing angles, meaning its luminance is constant across its surface when viewed from any direction.","Eq(M, pi * L)"
Optics,Photometry and Geometrical Optics,Prism Least Deviation Angle,\sin \frac{\alpha + \theta}{2} = n \sin \frac{\theta}{2},Relates the refractive angle of a prism ($\theta$) and the least deviation angle ($\alpha$) to the prism's refractive index ($n$).,The sine of half the sum of the least deviation angle and the prism's refractive angle equals the refractive index times the sine of half the prism's refractive angle.,"This formula describes the relationship between the angle of minimum deviation ($\alpha$) for a prism, the prism's refracting angle ($\theta$), and its refractive index ($n$). It's used in optics to determine the refractive index of a prism by measuring the minimum deviation angle, or to design prisms for specific deviation properties.","Eq(sin((alpha + theta)/2), n * sin(theta/2))"
Optics,Photometry and Geometrical Optics,Spherical Mirror Equation,\frac{1}{s'} + \frac{1}{s} = \frac{2}{R},"Relates image distance ($s'$), object distance ($s$), and curvature radius ($R$) for a spherical mirror.",One over the image distance plus one over the object distance equals two over the radius of curvature.,"This is the mirror equation for spherical mirrors, relating the object distance ($s$), image distance ($s'$), and the radius of curvature ($R$) of the mirror. It's used to calculate the position of an image formed by a spherical mirror given the object's position and the mirror's properties. Note that $2/R$ can also be written as $1/f$, where $f$ is the focal length.","Eq(1/sp + 1/s, 2/R)"
Optics,Photometry and Geometrical Optics,Optical System Refraction Equation,\frac{n'}{s'} - \frac{n}{s} = \Phi,"One of the equations for an aligned optical system, relating refractive indices, object/image distances, and optical power.","The refractive index of the image space divided by the image distance, minus the refractive index of the object space divided by the object distance, equals the optical power.","This equation describes refraction at a single spherical surface or within an aligned optical system. It relates the refractive index of the image space ($n'$), image distance ($s'$), refractive index of the object space ($n$), object distance ($s$), and the optical power ($\Phi$) of the surface/system. It's fundamental for tracing rays and calculating image positions in optical systems.","Eq(np/sp - n/s, Phi)"
Optics,Photometry and Geometrical Optics,Lens Equation (Generalized),\frac{f'}{s'} + \frac{f}{s} = 1,"One of the equations for an aligned optical system, relating focal lengths and object/image distances.","The image-side focal length divided by the image distance, plus the object-side focal length divided by the object distance, equals one.","This is a form of the lens equation, often used in the context of an aligned optical system. It relates the image-side focal length ($f'$), image distance ($s'$), object-side focal length ($f$), and object distance ($s$). It's used to determine image location or focal lengths in a system, particularly when working with principal planes and focal points.","Eq(fp/sp + f/s, 1)"
Optics,Photometry and Geometrical Optics,Newton's Lens Equation (Focal Points),xx' = ff',"One of the equations for an aligned optical system, relating distances from focal points and focal lengths.",The distance from the object to the object-side focal point times the distance from the image to the image-side focal point equals the product of the object-side and image-side focal lengths.,"This is Newton's form of the lens equation, where $x$ and $x'$ are the distances of the object and image from their respective focal points (object-side and image-side). $f$ and $f'$ are the object-side and image-side focal lengths. It's particularly useful when distances are measured from the focal points rather than the principal planes, simplifying calculations in certain optical system analyses.","Eq(x * xp, f * fp)"
Optics,Photometry and Geometrical Optics,Image-Side Focal Length from Optical Power,f' = \frac{n'}{\Phi},"One of the relations between focal lengths and optical power, defining the image-side focal length ($f'$) in terms of the refractive index of the image space ($n'$) and the optical power ($\Phi$).",The image-side focal length equals the refractive index of the image space divided by the optical power.,"This equation defines the image-side focal length ($f'$) in terms of the refractive index of the image space ($n'$) and the optical power ($\Phi$) of the system. It's used to calculate the image-side focal length when the optical power and the medium's refractive index are known, or vice-versa.","Eq(fp, np/Phi)"
Optics,Photometry and Geometrical Optics,Object-Side Focal Length from Optical Power,f = -\frac{n}{\Phi},"One of the relations between focal lengths and optical power, defining the object-side focal length ($f$) in terms of the refractive index of the object space ($n$) and the optical power ($\Phi$).",The object-side focal length equals the negative of the refractive index of the object space divided by the optical power.,"This equation defines the object-side focal length ($f$) in terms of the refractive index of the object space ($n$) and the optical power ($\Phi$) of the system. The negative sign indicates that for a converging system (positive $\Phi$), the object-side focal point is typically on the 'left' or before the principal plane, relative to the direction of light propagation. It's used to calculate the object-side focal length.","Eq(f, -n/Phi)"
Optics,Photometry and Geometrical Optics,Ratio of Focal Lengths and Refractive Indices,\frac{f'}{f} = -\frac{n'}{n},"One of the relations between focal lengths and optical power, relating the ratio of image-side to object-side focal lengths to the ratio of image-space to object-space refractive indices.",The ratio of the image-side focal length to the object-side focal length equals the negative ratio of the image-space refractive index to the object-space refractive index.,"This equation shows the relationship between the ratio of the image-side focal length ($f'$) to the object-side focal length ($f$) and the ratio of the refractive indices of the image space ($n'$) and object space ($n$). It's a fundamental relation in Gaussian optics, particularly useful when the optical system is immersed in different media on its object and image sides, and it highlights the asymmetry of focal lengths in such cases.","Eq(fp/f, -np/n)"
Optics,Photometry and Geometrical Optics,Optical Power of Spherical Refractive Surface,\Phi = \frac{n' - n}{R},"Defines the optical power ($\Phi$) of a spherical refractive surface based on the refractive indices of the two media ($n'$, $n$) and the radius of curvature ($R$).","Optical power equals the difference between the image-space refractive index and the object-space refractive index, divided by the radius of curvature.","This formula calculates the optical power ($\Phi$) of a single spherical refractive surface. $n'$ is the refractive index of the medium after the surface, $n$ is the refractive index of the medium before the surface, and $R$ is the radius of curvature of the surface. It's used to characterize the focusing or diverging ability of a curved interface between two different optical media.","Eq(Phi, (np - n)/R)"
Optics,Photometry and Geometrical Optics,Optical Power of Thin Lens (Lensmaker's Equation),\Phi = (n - n_0) \left( \frac{1}{R_1} - \frac{1}{R_2} \right),"Calculates the optical power ($\Phi$) of a thin lens in a medium with refractive index $n_0$, based on the lens's refractive index ($n$) and its radii of curvature ($R_1$, $R_2$).","Optical power equals the difference between the lens's refractive index and the surrounding medium's refractive index, multiplied by the difference of the reciprocals of the first and second radii of curvature.","This is the lensmaker's equation for the optical power ($\Phi$) of a thin lens. $n$ is the refractive index of the lens material, $n_0$ is the refractive index of the surrounding medium, and $R_1$ and $R_2$ are the radii of curvature of the first and second lens surfaces, respectively. It's used to design lenses with a specific optical power or to determine the power of an existing thin lens.","Eq(Phi, (n - n0) * (1/R1 - 1/R2))"
Optics,Photometry and Geometrical Optics,Optical Power of Thick Lens or Two Thin Lenses,\Phi = \Phi_1 + \Phi_2 - \frac{d}{n} \Phi_1 \Phi_2,"Calculates the total optical power ($\Phi$) of a thick lens or a system of two thin lenses, based on their individual powers ($\Phi_1$, $\Phi_2$), the lens thickness or separation ($d$), and the refractive index of the lens material or separating medium ($n$).","Total optical power equals the sum of the individual optical powers minus the product of the thickness, the individual powers, divided by the refractive index.","This formula calculates the equivalent optical power ($\Phi$) of a thick lens or a system of two thin lenses separated by a distance $d$. $\Phi_1$ and $\Phi_2$ are the optical powers of the individual surfaces or lenses, and $n$ is the refractive index of the lens material (for a thick lens) or the medium separating the two thin lenses. It accounts for the effect of the separation between optical elements on the overall power of the system.","Eq(Phi, Phi1 + Phi2 - (d/n) * Phi1 * Phi2)"
Optics,Photometry and Geometrical Optics,Principal Plane Distance X,X = \frac{d}{n} \frac{\Phi_2}{\Phi},Principal planes H and H' are removed from the crest points O and O' of surfaces of a thick lens (Fig. 5.3) by the following distances.,X equals d over n times Phi two over Phi.,"This formula calculates the distance X from the crest point O to the principal plane H of a thick lens. It depends on the lens thickness (d), refractive index (n), and the powers of the second surface (Φ₂) and the entire lens (Φ). It's used in thick lens optics to locate the principal planes.","Eq(X, d/n * Phi_2/Phi)"
Optics,Photometry and Geometrical Optics,Principal Plane Distance X',X' = -\frac{d}{n} \frac{\Phi_1}{\Phi},Principal planes H and H' are removed from the crest points O and O' of surfaces of a thick lens (Fig. 5.3) by the following distances.,X prime equals negative d over n times Phi one over Phi.,"This formula calculates the distance X' from the crest point O' to the principal plane H' of a thick lens. It depends on the lens thickness (d), refractive index (n), and the powers of the first surface (Φ₁) and the entire lens (Φ). The negative sign indicates the direction relative to O'. It's used in thick lens optics to locate the principal planes.","Eq(X_prime, -d/n * Phi_1/Phi)"
Optics,Photometry and Geometrical Optics,Lagrange-Helmholtz Invariant,nyu = \text{const.},Lagrange-Helmholtz invariant.,n y u equals a constant.,"The Lagrange-Helmholtz invariant, also known as the optical invariant, states that for paraxial rays in an optical system, the product of the refractive index (n), the object height (y), and the angle of the ray with the optical axis (u) remains constant. It's a fundamental principle in geometrical optics, particularly useful for analyzing image formation and magnification in optical systems.","Eq(n*y*u, Symbol('const'))"
Optics,Photometry and Geometrical Optics,Magnifying Power,\Gamma = \frac{\tan \psi'}{\tan \psi},Magnifying power of an optical device: where $\psi'$ and $\psi$ are the angles subtended at the eye by an image formed by the optical device and by the corresponding object at a distance for convenient viewing (in the case of a microscope or magnifying glass that distance is equal to $l_0 = 25$ cm).,Gamma equals the tangent of psi prime over the tangent of psi.,This formula defines the angular magnifying power (Γ) of an optical device. It's the ratio of the angle (ψ') subtended by the image at the eye when viewed through the device to the angle (ψ) subtended by the object at the eye when viewed directly from a convenient viewing distance (often 25 cm for microscopes/magnifying glasses). It quantifies how much larger an object appears angularly through the device.,"Eq(Gamma, tan(psi_prime)/tan(psi))"
Optics,Diffraction of Light,Radius of k-th Fresnel Zone,r_k = \sqrt{k\lambda \frac{ab}{a+b}},Radius of the periphery of the $k$th Fresnel zone; $k$ takes integer values starting from 1.,"The radius of the k-th Fresnel zone is equal to the square root of k times lambda times a times b, all divided by the sum of a and b.","This formula calculates the radius of the k-th Fresnel zone, which is a conceptual region on a wavefront used in Fresnel diffraction theory. It helps to determine the contribution of different parts of a wavefront to the light intensity at an observation point. Here, 'a' is the distance from the source to the wavefront, 'b' is the distance from the wavefront to the observation point, 'k' is the zone number, and 'λ' is the wavelength of light.","Eq(r_k, sqrt(k*lamda*a*b/(a+b)))"
Optics,Diffraction of Light,Cornu Spiral Parameter for Plane Wave,v = x\sqrt{2/b\lambda},"Parameter $v$ for Cornu's spiral in the case of a plane wave, where $x$ and $b$ are distances defining the position of the element $dS$ of a wavefront relative to the observation point $P$ as shown in Fig. 5.19.",The parameter v is equal to x times the square root of 2 divided by the product of b and lambda.,"This formula defines the parameter 'v' used in the construction of Cornu's spiral specifically for a plane wave. Cornu's spiral is a graphical method used in Fresnel diffraction to calculate the resultant amplitude and phase of diffracted light. 'x' represents a transverse distance on the wavefront, 'b' is the distance from the wavefront to the observation point, and 'λ' is the wavelength of light.","Eq(v, x*sqrt(2/(b*lamda)))"
Atomic and Nuclear Physics,Properties of Atoms. Spectra,Atomic Term Symbol,\kappa(L)_{J},Spectral labelling of terms,Kappa L J,"This is the standard spectroscopic term symbol used to label atomic energy levels. Kappa represents the multiplicity, L is the total orbital angular momentum quantum number, and J is the total angular momentum quantum number. It's used to classify atomic states based on their angular momenta.",Symbol('kappa(L)_J')
Atomic and Nuclear Physics,Properties of Atoms. Spectra,Multiplicity Formula,\kappa = 2S + 1,kappa is the multiplicity,Kappa equals two S plus one,"This formula defines the spin multiplicity (kappa) of an atomic term, which is determined by the total spin angular momentum quantum number (S). It indicates the number of possible orientations of the total spin angular momentum in an external magnetic field. Used in atomic spectroscopy to characterize energy levels.","Eq(kappa, 2*S + 1)"
Atomic and Nuclear Physics,Properties of Atoms. Spectra,Orbital Angular Momentum Quantum Number Values,"L = 0, 1, 2, 3, 4, 5, 6, \ldots",L are quantum numbers,"L equals zero, one, two, three, four, five, six, and so on","This lists the possible integer values for the total orbital angular momentum quantum number (L). Each value corresponds to a specific spectroscopic notation (S, P, D, F, etc.) for atomic states. It's fundamental for classifying atomic energy levels.",L
Thermodynamics and Molecular Physics,The Second Law of Thermodynamics. Entropy,Heat Engine Efficiency (Work/Heat Input),\eta = \frac{A}{Q_1},$Q_1$ is the heat obtained by the working substance. $A$ represents the work done by the engine.,Efficiency equals work done divided by heat input.,This formula defines the thermal efficiency of a heat engine as the ratio of the useful work output ($A$) to the heat absorbed from the hot reservoir ($Q_1$). It's used to quantify how effectively a heat engine converts heat into mechanical work.,"Eq(eta, A/Q1)"
Thermodynamics and Molecular Physics,The Second Law of Thermodynamics. Entropy,Heat Engine Efficiency (Heat Input/Output),\eta = 1 - \frac{Q'_2}{Q_1},"$Q_1$ is the heat obtained by the working substance, $Q'_2$ is the heat released by the working substance.",Efficiency equals one minus the ratio of heat released to heat obtained.,"This formula expresses the thermal efficiency of a heat engine in terms of the heat absorbed from the hot reservoir ($Q_1$) and the heat rejected to the cold reservoir ($Q'_2$). It highlights that efficiency is limited by the heat rejected, and a perfect engine would reject no heat.","Eq(eta, 1 - Q_prime2/Q1)"
Thermodynamics and Molecular Physics,The Second Law of Thermodynamics. Entropy,Carnot Cycle Efficiency,\eta = \frac{T_1 - T_2}{T_1},$T_1$ and $T_2$ are the temperatures of the hot and cold bodies respectively.,Efficiency equals the difference between hot and cold temperatures divided by the hot temperature.,"This formula gives the maximum possible efficiency for any heat engine operating between two temperatures, $T_1$ (hot reservoir) and $T_2$ (cold reservoir). It's a theoretical upper limit for efficiency, achieved only by a reversible Carnot engine. Temperatures must be in Kelvin.","Eq(eta, (T1 - T2)/T1)"
Thermodynamics and Molecular Physics,The Second Law of Thermodynamics. Entropy,Clausius Inequality,\oint \frac{\delta Q}{T} \leqslant 0,$\delta Q$ is the elementary amount of heat transferred to the system ($\delta Q$ is an algebraic quantity).,The cyclic integral of elementary heat transfer divided by temperature is less than or equal to zero.,"The Clausius inequality states that for any cyclic process, the integral of $\delta Q / T$ around the cycle is less than or equal to zero. For a reversible cycle, it's equal to zero, and for an irreversible cycle, it's less than zero. It's a fundamental statement of the Second Law of Thermodynamics, leading to the concept of entropy.","Le(Integral(delta_Q/T), 0)"
Thermodynamics and Molecular Physics,The Second Law of Thermodynamics. Entropy,Entropy Increment,\Delta S \geqslant \int \frac{\delta Q}{T},$\delta Q$ is the elementary amount of heat transferred to the system.,The change in entropy is greater than or equal to the integral of elementary heat transfer divided by temperature.,"This formula states that the change in entropy ($\Delta S$) of a system is always greater than or equal to the integral of the heat transferred ($\delta Q$) divided by the absolute temperature ($T$) at which the transfer occurs. The equality holds for reversible processes, and the inequality for irreversible processes, reflecting the increase in entropy in isolated systems.","Ge(Delta_S, Integral(delta_Q/T))"
Thermodynamics and Molecular Physics,The Second Law of Thermodynamics. Entropy,Fundamental Relation of Thermodynamics,"T \, dS \geqslant dU + p \, dV",No specific description provided in the source.,Temperature times the change in entropy is greater than or equal to the change in internal energy plus pressure times the change in volume.,"This is a combined statement of the first and second laws of thermodynamics for a closed system undergoing a reversible process (equality) or an irreversible process (inequality). It relates changes in internal energy ($dU$), entropy ($dS$), volume ($dV$), temperature ($T$), and pressure ($p$). It's fundamental for deriving other thermodynamic potentials.","Ge(T*dS, dU + p*dV)"
Thermodynamics and Molecular Physics,The Second Law of Thermodynamics. Entropy,Boltzmann's Entropy Formula (Statistical Entropy),S = k \ln \Omega,"$\Omega$ is the statistical weight (the thermodynamic probability), $k$ is the Boltzmann constant.",Entropy equals Boltzmann's constant times the natural logarithm of the number of microstates.,"This formula, known as Boltzmann's entropy formula, connects the macroscopic thermodynamic property of entropy ($S$) to the microscopic statistical property of the number of microstates ($\Omega$) corresponding to a given macroscopic state. $k$ is the Boltzmann constant. It's a cornerstone of statistical mechanics.","Eq(S, k*ln(Omega))"
Optics,Dispersion and Absorption of Light,Permittivity of Substance (Dispersion Theory),\varepsilon = 1 + \sum_{h} \frac{n_{h} e^{2} / m \varepsilon_{0}}{\omega_{0h}^{2} - \omega^{2}},Permittivity of substance according to elementary theory of dispersion. Where $n_{h}$ is the concentration of electrons of natural frequency $\omega_{0h}$.,Epsilon equals one plus the sum over h of (n sub h times e squared divided by m times epsilon naught) all divided by (omega naught h squared minus omega squared).,"This formula describes the frequency-dependent permittivity ($\varepsilon$) of a material based on the elementary theory of dispersion. It models how a material responds to an oscillating electric field, considering the contributions of different types of electrons (indexed by $h$) with natural frequencies ($\omega_{0h}$). It's used to understand how light interacts with matter, leading to phenomena like refraction and absorption.","Eq(epsilon, 1 + Sum((n_h * e**2 / (m * epsilon_0)) / (omega_0h**2 - omega**2), (h, None, None)))"
Optics,Dispersion and Absorption of Light,Refractive Index and Permittivity Relation,n = \sqrt{\varepsilon},Relation between refractive index and permittivity of substance.,The refractive index n equals the square root of the permittivity epsilon.,This fundamental relation connects the refractive index ($n$) of a material to its relative permittivity ($\varepsilon$). It's valid for non-magnetic materials and describes how much light slows down when passing through the material compared to a vacuum. It's crucial in optics for understanding refraction and reflection.,"Eq(n, sqrt(epsilon))"
Optics,Dispersion and Absorption of Light,Phase Velocity,v = \omega / k,Phase velocity $v$ and group velocity $u$.,The phase velocity v equals the angular frequency omega divided by the wave number k.,"This formula defines the phase velocity ($v$) of a wave, which is the speed at which a point of constant phase on the wave propagates. It's the speed of individual crests or troughs. It's used in wave mechanics, optics, and acoustics to describe the propagation of monochromatic waves.","Eq(v, omega / k)"
Optics,Dispersion and Absorption of Light,Group Velocity,u = d\omega / dk,Phase velocity $v$ and group velocity $u$.,The group velocity u equals the derivative of the angular frequency omega with respect to the wave number k.,"This formula defines the group velocity ($u$) of a wave packet, which is the speed at which the overall shape of the wave's amplitude (the envelope) propagates through space. It represents the speed at which energy or information is transmitted. It's crucial in dispersive media where phase velocity varies with frequency.","Eq(u, diff(omega, k))"
Optics,Dispersion and Absorption of Light,Rayleigh's Formula (Group Velocity),u = v - \lambda \frac{dv}{d\lambda},Rayleigh's formula.,The group velocity u equals the phase velocity v minus the wavelength lambda times the derivative of the phase velocity v with respect to the wavelength lambda.,"Rayleigh's formula relates the group velocity ($u$) to the phase velocity ($v$) and its dispersion with respect to wavelength ($\lambda$). It's particularly useful for calculating group velocity when the phase velocity is known as a function of wavelength, especially in dispersive media.","Eq(u, v - Lambda * diff(v, Lambda))"
Optics,Dispersion and Absorption of Light,Beer-Lambert Law (Attenuation),I = I_{0} e^{-\mu d},"Attenuation of a narrow beam of electromagnetic radiation. Where $\mu = x + x'$, $\mu, x, x'$ are the coefficients of linear attenuation, absorption, and scattering.",The intensity I equals the initial intensity I naught times e to the power of negative mu times d.,"This formula, often associated with the Beer-Lambert Law, describes the exponential attenuation of the intensity ($I$) of a narrow beam of electromagnetic radiation as it passes through a medium of thickness ($d$). $I_0$ is the initial intensity, and $\mu$ is the linear attenuation coefficient. It's widely used in spectroscopy, medical imaging (e.g., X-rays), and radiation shielding.","Eq(I, I_0 * exp(-mu * d))"
Optics,Dispersion and Absorption of Light,Linear Attenuation Coefficient,\mu = x + x',"Where $\mu = x + x'$, $\mu, x, x'$ are the coefficients of linear attenuation, absorption, and scattering.",Mu equals x plus x prime.,This equation defines the total linear attenuation coefficient ($\mu$) as the sum of the linear absorption coefficient ($x$) and the linear scattering coefficient ($x'$). It quantifies how much radiation is removed from a beam per unit path length due to both absorption (energy conversion) and scattering (direction change). It's used in contexts like radiation transport and material science.,"Eq(mu, x + x_prime)"
Optics,Optics of Moving Sources,Doppler effect (non-relativistic),\frac{\Delta\omega}{\omega} = \frac{v}{c}\cos\theta,"where $v$ is the velocity of a source, $\theta$ is the angle between the source's motion direction and the observation line.","The fractional change in observed frequency is equal to the ratio of the source's velocity to the speed of light, multiplied by the cosine of the angle between the source's motion and the observation line.","This formula describes the non-relativistic Doppler effect, which is the change in frequency of a wave due to the relative motion between the source and the observer. It is applicable when the source's velocity ($v$) is much less than the speed of light ($c$).","Eq(Delta(omega)/omega, (v/c)*cos(theta))"
Optics,Optics of Moving Sources,Relativistic Doppler effect,\omega = \omega_0 \frac{\sqrt{1 - \beta^2}}{1 - \beta \cos \theta},where $\beta = v/c$.,"The observed frequency is equal to the source's rest frequency multiplied by the square root of one minus beta squared, all divided by one minus beta times the cosine of the angle.","This formula describes the relativistic Doppler effect, which accounts for the change in frequency of light or sound waves when the source and observer are in relative motion, especially at speeds approaching the speed of light. It incorporates time dilation and length contraction effects, where $\beta$ is the velocity ratio $v/c$.","Eq(omega, omega_0 * sqrt(1 - beta**2) / (1 - beta * cos(theta)))"
Optics,Optics of Moving Sources,Vavilov-Cherenkov effect angle,\cos \theta = \frac{c}{nv},where $\theta$ is the angle between the radiation propagation direction and the velocity vector $v$ of a particle.,The cosine of the Cherenkov angle is equal to the speed of light in vacuum divided by the product of the refractive index of the medium and the particle's velocity.,This formula describes the angle $\theta$ at which Cherenkov radiation is emitted. Cherenkov radiation occurs when a charged particle passes through a dielectric medium at a speed greater than the phase velocity of light in that medium. $n$ is the refractive index of the medium.,"Eq(cos(theta), c / (n * v))"
Atomic and Nuclear Physics,Scattering of Particles. Rutherford-Bohr Atom,Angle of deflection in Coulomb scattering,\tan \frac{\theta}{2} = \frac{q_1 q_2}{2bT},None,The tangent of half the deflection angle equals the product of the charges divided by twice the impact parameter times the kinetic energy.,"This formula describes the relationship between the scattering angle ($\theta$) and the parameters of the collision in Rutherford scattering. It's used to calculate how much a charged particle is deflected by the Coulomb field of an atomic nucleus, based on the charges of the particle ($q_1$) and nucleus ($q_2$), the impact parameter ($b$), and the kinetic energy ($T$) of the striking particle.","Eq(tan(theta/2), (q1 * q2) / (2 * b * T))"
Atomic and Nuclear Physics,Scattering of Particles. Rutherford-Bohr Atom,Rutherford scattering formula (differential cross-section),\frac{dN}{N} = n \left( \frac{q_1 q_2}{4T} \right)^2 \frac{d\Omega}{\sin^4 (\theta/2)},None,"The relative number of scattered particles is proportional to the number of nuclei per unit area, the square of the charge product divided by four times the kinetic energy, and the solid angle divided by the fourth power of the sine of half the scattering angle.","This is the Rutherford scattering formula, which gives the relative number of particles ($dN/N$) scattered into an elementary solid angle ($d\Omega$) at a given angle ($\theta$). It's fundamental in nuclear physics for understanding the structure of the atom, specifically how alpha particles are scattered by atomic nuclei, leading to the discovery of the atomic nucleus. It depends on the number of nuclei per unit area ($n$), the charges ($q_1, q_2$), and kinetic energy ($T$).","Eq(dN/N, n * ((q1 * q2) / (4 * T))**2 * (dOmega / sin(theta/2)**4))"
Atomic and Nuclear Physics,Scattering of Particles. Rutherford-Bohr Atom,Elementary solid angle in spherical coordinates,"d\Omega = \sin \theta \, d\theta \, d\varphi",None,The elementary solid angle is the sine of the polar angle times the differential polar angle times the differential azimuthal angle.,"This formula defines an infinitesimal solid angle element ($d\Omega$) in spherical coordinates. It's used in calculations involving integration over a sphere, such as in scattering experiments where particles are detected over a range of angles, with $\theta$ being the polar angle and $\varphi$ the azimuthal angle.","Eq(dOmega, sin(theta) * dtheta * dphi)"
Atomic and Nuclear Physics,Scattering of Particles. Rutherford-Bohr Atom,Generalized Balmer formula (transition frequency),\omega = R Z^2 \left( \frac{1}{n_1^2} - \frac{1}{n_2^2} \right),Fig. 6.1.,The transition frequency is the Rydberg constant times the square of the atomic number times the difference of the inverse squares of the initial and final principal quantum numbers.,"This is the generalized Balmer formula, which describes the frequency ($\omega$) of photons emitted or absorbed during electron transitions between energy levels with quantum numbers $n_1$ and $n_2$ in hydrogen-like atoms (ions with only one electron). $R$ is the Rydberg constant and $Z$ is the atomic number. It's fundamental in atomic spectroscopy for predicting spectral lines.","Eq(omega, R * Z**2 * (1/n1**2 - 1/n2**2))"
Atomic and Nuclear Physics,Scattering of Particles. Rutherford-Bohr Atom,Rydberg constant definition,R = \frac{me^4}{2h^3},Fig. 6.1.,"The Rydberg constant is the electron mass times the elementary charge to the fourth power, divided by twice Planck's constant cubed.","This formula defines the Rydberg constant ($R$) in terms of fundamental physical constants: electron mass ($m$), elementary charge ($e$), and Planck's constant ($h$). It's a fundamental constant in atomic physics, used in the Balmer formula and related spectral series to describe the wavelengths of light emitted by hydrogen-like atoms.","Eq(R, (m * e**4) / (2 * h**3))"
Atomic and Nuclear Physics,Wave Properties of Particles. Schrodinger Equation,de Broglie Wavelength,\lambda = \frac{2\pi\hbar}{p},The de Broglie wavelength of a particle with momentum $p$,Lambda equals two pi h-bar divided by p.,"This formula relates the wavelength (λ) of a particle to its momentum (p) and Planck's constant (ħ). It demonstrates the wave-particle duality, suggesting that all particles exhibit wave-like properties. It's used to calculate the wavelength of quantum particles.","Eq(lambda, 2*pi*hbar/p)"
Atomic and Nuclear Physics,Wave Properties of Particles. Schrodinger Equation,Heisenberg Uncertainty Principle,\Delta x \cdot \Delta p_x \geqslant \hbar,Uncertainty principle,Delta x times delta p sub x is greater than or equal to h-bar.,This principle states that it's impossible to simultaneously know with perfect precision both the position (Δx) and momentum (Δp_x) of a particle. The product of their uncertainties must be greater than or equal to the reduced Planck constant (ħ). It highlights a fundamental limit to the precision with which certain pairs of physical properties of a particle can be known.,"Ge(Delta_x * Delta_p_x, hbar)"
Atomic and Nuclear Physics,Wave Properties of Particles. Schrodinger Equation,Schrödinger Time-Dependent Equation,i\hbar \frac{\partial \Psi}{\partial t} = -\frac{\hbar^2}{2m} \nabla^2 \Psi + U\Psi,"Schrödinger time-dependent and time-independent equations: where $\Psi$ is the total wave function, $\psi$ is its coordinate part, $\nabla^2$ is the Laplace operator, $E$ and $U$ are the total and potential energies of the particle.",I h-bar partial psi with respect to t equals negative h-bar squared over two m nabla squared psi plus U psi.,"This fundamental equation describes how the quantum state of a physical system evolves over time. It relates the time derivative of the wave function (Ψ) to the total energy of the system, including kinetic and potential energy (U). It's used to predict the behavior of quantum particles in a given potential.","Eq(I*hbar*Derivative(Psi(t), t), -hbar**2/(2*m)*nabla_squared_Psi + U*Psi(t))"
Atomic and Nuclear Physics,Wave Properties of Particles. Schrodinger Equation,Schrödinger Time-Independent Equation,\nabla^2 \psi + \frac{2m}{\hbar^2} (E - U) \psi = 0,"Schrödinger time-dependent and time-independent equations: where $\Psi$ is the total wave function, $\psi$ is its coordinate part, $\nabla^2$ is the Laplace operator, $E$ and $U$ are the total and potential energies of the particle.",Nabla squared psi plus two m over h-bar squared times E minus U times psi equals zero.,"This equation describes the spatial part of the wave function (ψ) for a particle in a stationary state, where the potential energy (U) and total energy (E) are constant over time. It's used to find the allowed energy levels and corresponding wave functions for quantum systems, such as atoms and molecules.","Eq(nabla_squared_psi + (2*m/hbar**2)*(E - U)*psi, 0)"
Atomic and Nuclear Physics,Wave Properties of Particles. Schrodinger Equation,Laplace Operator in Spherical Coordinates,\nabla^2 = \frac{\partial^2}{\partial r^2} + \frac{2}{r} \frac{\partial}{\partial r} + \frac{1}{r^2 \sin \theta} \frac{\partial}{\partial \theta} \left( \sin \theta \frac{\partial}{\partial \theta} \right) + \frac{1}{r^2 \sin^2 \theta} \frac{\partial^2}{\partial \varphi^2},In spherical coordinates:,"Nabla squared equals the second partial derivative with respect to r squared, plus two over r times the partial derivative with respect to r, plus one over r squared sine theta times the partial derivative with respect to theta of sine theta times the partial derivative with respect to theta, plus one over r squared sine squared theta times the second partial derivative with respect to phi squared.","This equation defines the Laplace operator (∇²) when expressed in spherical coordinates (r, θ, φ). It's crucial for solving partial differential equations, such as the Schrödinger equation, in systems with spherical symmetry, like atoms.","Eq(nabla_squared, Derivative(1, r, 2) + (2/r)*Derivative(1, r) + (1/(r**2*sin(theta)))*Derivative(sin(theta)*Derivative(1, theta), theta) + (1/(r**2*sin(theta)**2))*Derivative(1, phi, 2))"
Atomic and Nuclear Physics,Wave Properties of Particles. Schrodinger Equation,WKB Tunneling Probability,D \approx \exp \left[ - \frac {2}{n} \int_ {x _ {1}} ^ {x _ {2}} \sqrt {2 m (V - E)} d x \right],,"The tunneling probability D is approximately the exponential of negative two over n times the integral from x1 to x2 of the square root of two times the mass m times the difference between the potential energy V and the total energy E, integrated over x.","This formula estimates the tunneling probability (or transmission coefficient) D for a particle through a potential barrier, using the Wentzel–Kramers–Brillouin (WKB) approximation in quantum mechanics. It applies when the potential energy V is greater than the particle's total energy E, and the particle has mass m. The term 'n' often represents a constant related to Planck's constant (e.g., \hbar). It's used to analyze phenomena like alpha decay, field emission, and scanning tunneling microscopy.","Eq(D, exp(-2/n * Integral(sqrt(2 * m * (V - E)), (x, x1, x2))))"
Atomic and Nuclear Physics,Molecules and Crystals,Mean energy of a quantum harmonic oscillator,\langle E \rangle = \frac{\hbar \omega}{2} + \frac{\hbar \omega}{\mathrm{e}^{\hbar \omega / k T} - 1},Mean energy of a quantum harmonic oscillator at a temperature $T$.,"The mean energy of a quantum harmonic oscillator is equal to half of Planck's constant times angular frequency, plus Planck's constant times angular frequency divided by the exponential of Planck's constant times angular frequency over Boltzmann constant times temperature, minus one.","This formula gives the average energy of a quantum harmonic oscillator in thermal equilibrium at temperature T. It consists of two parts: the zero-point energy ($\hbar\omega/2$) and the temperature-dependent contribution from excited states, which follows Bose-Einstein statistics. It's used in statistical mechanics to describe systems like vibrational modes in solids or electromagnetic modes in a cavity.","Eq(E_avg, hbar * omega / 2 + hbar * omega / (exp(hbar * omega / (k * T)) - 1))"
Atomic and Nuclear Physics,Molecules and Crystals,Debye formula for molar vibrational energy,U = 9 R \Theta \left[ \frac{1}{8} + \left( \frac{T}{\Theta} \right)^4 \int_0^{\Theta / T} \frac{x^3 dx}{\mathrm{e}^x - 1} \right],Debye formula for molar vibrational energy of a crystal.,"The molar vibrational energy is equal to nine times the ideal gas constant times the Debye temperature, multiplied by the sum of one-eighth and the ratio of temperature to Debye temperature raised to the fourth power, times the integral from zero to the ratio of Debye temperature to temperature of x cubed divided by the exponential of x minus one, with respect to x.","This is the Debye model's expression for the total molar vibrational energy of a crystal. It accounts for the vibrational modes (phonons) in a solid, treating them as a continuum up to a maximum frequency determined by the Debye temperature ($\Theta$). It's used to calculate the internal energy of solids at various temperatures, especially at low temperatures where it accurately predicts the $T^4$ dependence.","Eq(U, 9 * R * Theta * (S(1)/8 + (T / Theta)**4 * Integral(x**3 / (exp(x) - 1), (x, 0, Theta / T))))"
Atomic and Nuclear Physics,Molecules and Crystals,Debye temperature definition,\Theta = \hbar \omega_{\max} / k,"where $\Theta$ is the Debye temperature,","The Debye temperature is equal to Planck's constant times the maximum angular frequency, divided by Boltzmann's constant.","This formula defines the Debye temperature ($\Theta$), a characteristic temperature of a solid that relates to its maximum vibrational frequency ($\omega_{\max}$). It represents the temperature above which all vibrational modes are excited and below which quantum effects become significant. It's crucial in the Debye model for understanding the thermal properties of solids.","Eq(Theta, hbar * omega_max / k)"
Atomic and Nuclear Physics,Molecules and Crystals,"Molar vibrational heat capacity (Debye model, low T)",C = \frac{12}{5} \pi^4 R \left( \frac{T}{\Theta} \right)^3,Molar vibrational heat capacity of a crystal for $T \ll \Theta$.,"The molar vibrational heat capacity is equal to twelve-fifths times pi to the fourth power times the ideal gas constant, times the ratio of temperature to Debye temperature, cubed.","This formula gives the molar vibrational heat capacity of a crystal at very low temperatures ($T \ll \Theta$) according to the Debye model. It predicts a $T^3$ dependence, which is experimentally observed for many non-metallic solids at low temperatures. This is a significant improvement over the Einstein model at low temperatures.","Eq(C, S(12)/5 * pi**4 * R * (T / Theta)**3)"
Atomic and Nuclear Physics,Molecules and Crystals,Density of states for free electrons (3D),"dn = \frac{\sqrt{2} \, m^{3/2}}{\pi^2 \hbar^3} \sqrt{E} \, dE","Distribution of free electrons in metal in the vicinity of the absolute zero: where $dn$ is the concentration of electrons whose energy falls within the interval $E$, $E + dE$. The energy $E$ is counted off the bottom of the conduction band.","The differential concentration of electrons is equal to the square root of two times mass to the three-halves power, divided by pi squared times Planck's constant cubed, times the square root of energy, times the differential energy.","This formula describes the density of states for free electrons in a 3D metal at absolute zero (or very low temperatures). It gives the number of electron states available per unit volume within an energy interval $dE$ around energy $E$. It's fundamental for understanding the electronic properties of metals, such as conductivity and specific heat, by determining how electrons fill available energy levels.","Eq(dn, sqrt(2) * m**(S(3)/2) / (pi**2 * hbar**3) * sqrt(E) * dE)"
Atomic and Nuclear Physics,Molecules and Crystals,Fermi level at absolute zero,E_F = \frac{\hbar^2}{2m} (3\pi^2 n)^{2/3},Fermi level at $T = 0$: where $n$ is the concentration of free electrons in metal.,"The Fermi energy is equal to Planck's constant squared divided by two times mass, times the quantity three pi squared times the electron concentration, raised to the two-thirds power.",This formula calculates the Fermi energy ($E_F$) for a free electron gas in a 3D metal at absolute zero temperature ($T=0$). It represents the highest energy level occupied by an electron at $T=0$. It's a crucial concept in solid-state physics for understanding the electronic structure and properties of metals and semiconductors.,"Eq(E_F, hbar**2 / (2 * m) * (3 * pi**2 * n)**(S(2)/3))"
Atomic and Nuclear Physics,Radioactivity,Law of Radioactive Decay,N = N_0 e^{-\lambda t},Fundamental law of radioactive decay,The number of radioactive nuclei remaining at time t is equal to the initial number of nuclei multiplied by Euler's number raised to the power of negative decay constant times time.,"This formula describes how the number of undecayed radioactive nuclei decreases exponentially over time. It's used to calculate the amount of a radioactive substance remaining after a certain period, given its initial amount and decay constant.","Eq(N, N_0 * exp(-lamda * t))"
Atomic and Nuclear Physics,Radioactivity,Decay Constant and Mean Lifetime Relation,\lambda = \frac{1}{\tau},"Relation between the decay constant $\lambda$, the mean lifetime $\tau$, and the half-life $T$",The decay constant is equal to the reciprocal of the mean lifetime.,"This equation relates the decay constant, which dictates the rate of decay, to the mean lifetime, which is the average time an unstable nucleus exists before decaying. It shows that a larger decay constant implies a shorter mean lifetime.","Eq(lamda, 1 / tau)"
Atomic and Nuclear Physics,Radioactivity,Decay Constant and Half-Life Relation,\lambda = \frac{\ln 2}{T},"Relation between the decay constant $\lambda$, the mean lifetime $\tau$, and the half-life $T$",The decay constant is equal to the natural logarithm of two divided by the half-life.,"This formula connects the decay constant to the half-life, which is the time it takes for half of the radioactive nuclei in a sample to decay. It's crucial for converting between these two fundamental decay parameters.","Eq(lamda, log(2) / T)"
Electrodynamics,Conductors and Dielectrics in an Electric Field,Electric field strength near conductor surface,E_{n}=\sigma / \varepsilon_{0},Electric field strength near the surface of a conductor in vacuum,The normal component of the electric field strength is equal to the surface charge density divided by the permittivity of free space.,"This formula describes the magnitude of the electric field perpendicular to the surface of a conductor in a vacuum. It's used to calculate the field strength just outside a charged conductor, where `sigma` is the surface charge density and `epsilon_0` is the vacuum permittivity.","Eq(E_n, sigma / epsilon_0)"
Electrodynamics,Conductors and Dielectrics in an Electric Field,Flux of polarization vector,\oint \mathbf{P} d \mathbf{S}=-q^{\prime},"Flux of polarization $\mathbf{P}$ across a closed surface, where $q^{\prime}$ is the algebraic sum of bound charges enclosed by this surface.",The closed surface integral of the polarization vector dotted with the differential area vector is equal to the negative of the total bound charge enclosed.,"This equation relates the flux of the polarization vector `P` through a closed surface to the total bound charge `q'` enclosed within that surface. It's a form of Gauss's law for the polarization vector, indicating that bound charges are sources or sinks for the polarization field.","Eq(Flux_P, -q_prime)"
Electrodynamics,Conductors and Dielectrics in an Electric Field,Electric displacement field definition,\mathbf{D}=\varepsilon_{0} \mathbf{E}+\mathbf{P},Definition of vector $\mathbf{D}$,The electric displacement field is equal to the permittivity of free space times the electric field plus the polarization vector.,"This equation defines the electric displacement field `D`, which is a macroscopic field used to describe electric fields in dielectrics. It relates `D` to the electric field `E` and the polarization `P` of the material, with `epsilon_0` being the vacuum permittivity. It accounts for both free and bound charges.","Eq(D_vec, epsilon_0 * E_vec + P_vec)"
Electrodynamics,Conductors and Dielectrics in an Electric Field,Gauss's law for electric displacement field,\oint \mathbf{D} d \mathbf{S}=q,"Gauss's theorem for vector $\mathbf{D}$, where $q$ is the algebraic sum of extraneous charges inside a closed surface.",The closed surface integral of the electric displacement field dotted with the differential area vector is equal to the total free charge enclosed.,"This is Gauss's law for the electric displacement field `D`. It states that the flux of `D` through any closed surface is equal to the total free (extraneous) charge `q` enclosed within that surface. This form is particularly useful in dielectrics because it only depends on free charges, simplifying calculations.","Eq(Flux_D, q)"
Electrodynamics,Conductors and Dielectrics in an Electric Field,Boundary condition for polarization (normal component),P_{2 n}-P_{1 n}=-\sigma^{\prime},"Relations at the boundary between two dielectrics, where $\sigma^{\prime}$ and $\sigma$ are the surface densities of bound and extraneous charges, and the unit vector $\mathbf{n}$ of the normal is directed from medium 1 to medium 2.",The difference in the normal components of the polarization vector across a boundary between two dielectrics is equal to the negative of the surface density of bound charges.,This boundary condition states that the discontinuity in the normal component of the polarization vector `P` across an interface between two dielectrics is equal to the negative of the surface density of bound charges `sigma_prime` at that interface. It's crucial for analyzing fields at dielectric interfaces.,"Eq(P_2n - P_1n, -sigma_prime)"
Electrodynamics,Conductors and Dielectrics in an Electric Field,Boundary condition for electric displacement (normal component),D_{2 n}-D_{1 n}=\sigma,"Relations at the boundary between two dielectrics, where $\sigma^{\prime}$ and $\sigma$ are the surface densities of bound and extraneous charges, and the unit vector $\mathbf{n}$ of the normal is directed from medium 1 to medium 2.",The difference in the normal components of the electric displacement field across a boundary between two dielectrics is equal to the surface density of extraneous (free) charges.,This boundary condition states that the discontinuity in the normal component of the electric displacement field `D` across an interface between two dielectrics is equal to the surface density of free (extraneous) charges `sigma` at that interface. It's a direct consequence of Gauss's law for `D`.,"Eq(D_2n - D_1n, sigma)"
Electrodynamics,Conductors and Dielectrics in an Electric Field,Boundary condition for electric field (tangential component),E_{2 \tau}=E_{1 \tau},"Relations at the boundary between two dielectrics, where $\sigma^{\prime}$ and $\sigma$ are the surface densities of bound and extraneous charges, and the unit vector $\mathbf{n}$ of the normal is directed from medium 1 to medium 2.",The tangential component of the electric field is continuous across the boundary between two dielectrics.,"This boundary condition states that the tangential component of the electric field `E` is continuous across the interface between two dielectric media. This arises from the conservative nature of the electrostatic field, meaning the line integral of `E` around a closed loop at the interface must be zero.","Eq(E_2tau, E_1tau)"
Electrodynamics,Conductors and Dielectrics in an Electric Field,Polarization in isotropic dielectrics,\mathbf{P}=\varkappa \varepsilon_{0} \mathbf{E},In isotropic dielectrics,The polarization vector is equal to the electric susceptibility times the permittivity of free space times the electric field vector.,"This equation defines the polarization `P` in an isotropic dielectric material. It states that `P` is directly proportional to the electric field `E`, with `kappa` (chi) being the electric susceptibility and `epsilon_0` the vacuum permittivity. This linear relationship holds for many common dielectric materials.","Eq(P_vec, kappa * epsilon_0 * E_vec)"
Electrodynamics,Conductors and Dielectrics in an Electric Field,Electric displacement in isotropic dielectrics,\mathbf{D}=\varepsilon \varepsilon_{0} \mathbf{E},In isotropic dielectrics,The electric displacement field is equal to the relative permittivity times the permittivity of free space times the electric field vector.,"This equation relates the electric displacement field `D` to the electric field `E` in an isotropic dielectric. `epsilon` is the relative permittivity (dielectric constant) of the material, and `epsilon_0` is the vacuum permittivity. This is a constitutive relation for linear, isotropic dielectrics.","Eq(D_vec, epsilon * epsilon_0 * E_vec)"
Electrodynamics,Conductors and Dielectrics in an Electric Field,Relation between relative permittivity and susceptibility,\varepsilon=1+\varkappa,In isotropic dielectrics,The relative permittivity is equal to one plus the electric susceptibility.,"This formula shows the relationship between the relative permittivity `epsilon` (dielectric constant) and the electric susceptibility `kappa` (chi) for an isotropic dielectric material. It indicates how much a material polarizes in response to an electric field, affecting its overall permittivity.","Eq(epsilon, 1 + kappa)"
Electrodynamics,Conductors and Dielectrics in an Electric Field,Electric field in uniform isotropic dielectric,\mathbf{E}=\mathbf{E}_{0} / \varepsilon,In the case of an isotropic uniform dielectric filling up all the space between the equipotential surfaces,The electric field inside an isotropic uniform dielectric is equal to the electric field in vacuum divided by the relative permittivity of the dielectric.,"This equation describes the reduction of the electric field `E` inside an isotropic, uniform dielectric material compared to the electric field `E_0` that would exist in a vacuum under the same conditions (e.g., between equipotential surfaces). The reduction factor is the relative permittivity `epsilon` of the dielectric.","Eq(E_vec, E_0_vec / epsilon)"
Electrodynamics,Electric Capacitance. Energy of an Electric Field,Capacitance of a parallel-plate capacitor,C = \varepsilon \varepsilon_0 S / d,Capacitance of a parallel-plate capacitor,Capacitance equals permittivity times vacuum permittivity times surface area divided by distance.,"This formula calculates the capacitance of a parallel-plate capacitor, which is a measure of its ability to store electric charge. It depends on the dielectric material between the plates (permittivity), the plate area, and the separation distance. It is fundamental in designing and analyzing electronic circuits.","Eq(C, epsilon * epsilon_0 * S / d)"
Electrodynamics,Electric Capacitance. Energy of an Electric Field,Interaction energy of point charges,W = \frac{1}{2} \sum q_i \varphi_i,Interaction energy of a system of point charges,Total energy equals one-half the sum of each charge times its electric potential.,"This formula gives the total electrostatic potential energy of a system of discrete point charges. It represents the the work required to assemble the charges from infinity to their current positions, or the energy released if they were to disperse. It's used to understand the stability and interactions within charge configurations.","Eq(W, Sum(q_i * phi_i, (i, 1, n)) / 2)"
Electrodynamics,Electric Capacitance. Energy of an Electric Field,Electric energy of continuous charge distribution,"W = \frac{1}{2} \int \varphi \rho \, dV",Total electric energy of a system with continuous charge distribution,Total energy equals one-half the integral over volume of electric potential times charge density.,"This formula calculates the total electrostatic potential energy for a system where charge is distributed continuously throughout a volume. It is the continuous analog of the point charge formula, integrating the product of potential and charge density over the entire volume. It's used in electromagnetism for systems like charged spheres or dielectric materials.","Eq(W, Integral(phi * rho, (V_volume,)) / 2)"
Electrodynamics,Electric Capacitance. Energy of an Electric Field,Total electric energy of two charged bodies,W = W_1 + W_2 + W_{12},"Total electric energy of two charged bodies 1 and 2: where $W_1$ and $W_2$ are the self-energies of the bodies, and $W_{12}$ is the interaction energy.",Total energy equals the self-energy of body 1 plus the self-energy of body 2 plus their interaction energy.,This formula expresses the total electrostatic energy of a system composed of two charged bodies. It accounts for the energy stored within each body due to its own charge distribution (self-energy) and the energy arising from their mutual interaction. It's used when analyzing the energy budget of complex charge systems.,"Eq(W, W1 + W2 + W12)"
Electrodynamics,Electric Capacitance. Energy of an Electric Field,Energy of a charged capacitor (charge-voltage),W = \frac{qV}{2},Energy of a charged capacitor,Energy equals charge times voltage divided by two.,"This formula calculates the energy stored in a capacitor based on the charge it holds and the voltage across its plates. It's one of three equivalent expressions for capacitor energy, useful when both charge and voltage are known.","Eq(W, q * V_cap / 2)"
Electrodynamics,Electric Capacitance. Energy of an Electric Field,Energy of a charged capacitor (charge-capacitance),W = \frac{q^2}{2C},Energy of a charged capacitor,Energy equals charge squared divided by two times capacitance.,This formula calculates the energy stored in a capacitor using the charge stored and the capacitor's capacitance. It's particularly useful when the voltage across the capacitor is not directly known or easily measured.,"Eq(W, q**2 / (2 * C))"
Electrodynamics,Electric Capacitance. Energy of an Electric Field,Energy of a charged capacitor (capacitance-voltage),W = \frac{CV^2}{2},Energy of a charged capacitor,Energy equals capacitance times voltage squared divided by two.,"This formula calculates the energy stored in a capacitor using its capacitance and the voltage across its plates. It's often the most convenient form when capacitance and voltage are known, for example, in circuit analysis.","Eq(W, C * V_cap**2 / 2)"
Electrodynamics,Electric Capacitance. Energy of an Electric Field,Volume density of electric field energy (E-D fields),w = \frac{\mathbf{ED}}{2},Volume density of electric field energy,Energy density equals the dot product of electric field and electric displacement field divided by two.,"This formula expresses the energy stored per unit volume in an electric field, relating it to the electric field strength (E) and the electric displacement field (D). It's a general form applicable in various media, including anisotropic ones.","Eq(w, E_dot_D / 2)"
Electrodynamics,Electric Capacitance. Energy of an Electric Field,Volume density of electric field energy (E field),w = \frac{\varepsilon \varepsilon_0 E^2}{2},Volume density of electric field energy,Energy density equals permittivity times vacuum permittivity times electric field squared divided by two.,"This formula calculates the energy stored per unit volume in an electric field, specifically in a linear, isotropic, homogeneous dielectric medium. It shows the dependence on the electric field strength and the material's permittivity, and is derived from the E-D field relation.","Eq(w, epsilon * epsilon_0 * E_field**2 / 2)"
Oscillations and Waves,Electromagnetic Waves. Radiation,Phase velocity of an electromagnetic wave in a medium,v = c / \sqrt{\varepsilon \mu},Phase velocity of an electromagnetic wave,The phase velocity 'v' of an electromagnetic wave is equal to the speed of light in vacuum 'c' divided by the square root of the product of the relative permittivity 'epsilon' and relative permeability 'mu' of the medium.,"This formula calculates the speed at which the phase of an electromagnetic wave propagates through a material medium. 'epsilon' is the relative permittivity and 'mu' is the relative permeability of the medium, which describe how the medium affects electric and magnetic fields, respectively. It's used to determine how much slower an EM wave travels in a material compared to a vacuum.","Eq(v, c / sqrt(epsilon * mu))"
Oscillations and Waves,Electromagnetic Waves. Radiation,Speed of light in vacuum,c = 1 / \sqrt{\varepsilon_{0} \mu_{0}},where c = 1 / \sqrt{\varepsilon_{0} \mu_{0}},The speed of light 'c' in a vacuum is equal to one divided by the square root of the product of the vacuum permittivity 'epsilon_0' and the vacuum permeability 'mu_0'.,"This fundamental constant defines the speed of light in a vacuum. It relates the vacuum permittivity ('epsilon_0'), which quantifies how an electric field propagates in a vacuum, and the vacuum permeability ('mu_0'), which quantifies how a magnetic field propagates in a vacuum. It is a cornerstone of electromagnetism and special relativity.","Eq(c, 1 / sqrt(epsilon_0 * mu_0))"
Oscillations and Waves,Electromagnetic Waves. Radiation,Relation between electric and magnetic field strengths in a travelling EM wave,E \sqrt{\varepsilon \varepsilon_{0}} = H \sqrt{\mu \mu_{0}},In a travelling electromagnetic wave,The electric field strength 'E' multiplied by the square root of the product of relative permittivity 'epsilon' and vacuum permittivity 'epsilon_0' is equal to the magnetic field strength 'H' multiplied by the square root of the product of relative permeability 'mu' and vacuum permeability 'mu_0'.,This equation describes the relationship between the amplitudes of the electric field ('E') and magnetic field ('H') components of a plane electromagnetic wave propagating through a medium. It shows that these fields are intrinsically linked and their ratio depends on the electromagnetic properties (permittivity and permeability) of the medium.,"Eq(E * sqrt(epsilon * epsilon_0), H * sqrt(mu * mu_0))"
Oscillations and Waves,Electromagnetic Waves. Radiation,Space density of electromagnetic energy,w = \frac{\mathrm{ED}}{2} + \frac{\mathrm{BH}}{2},Space density of the energy of an electromagnetic field,"The total energy density 'w' of an electromagnetic field is equal to half the product of the electric field 'E' and electric displacement field 'D', plus half the product of the magnetic field 'B' and magnetic field strength 'H'.","This formula gives the total energy stored per unit volume (energy density) in an electromagnetic field. The first term represents the energy density associated with the electric field, and the second term represents the energy density associated with the magnetic field. It's used to quantify the energy stored in electric and magnetic fields in a given region of space.","Eq(w, (E * D) / 2 + (B * H) / 2)"
Oscillations and Waves,Electromagnetic Waves. Radiation,Poynting vector,\mathrm{S} = [\mathrm{EH}],"Flow density of electromagnetic energy, the Poynting vector",The Poynting vector 'S' is equal to the cross product of the electric field vector 'E' and the magnetic field vector 'H'.,"The Poynting vector describes the directional energy flux (power per unit area) of an electromagnetic field. Its magnitude represents the rate of energy flow per unit area, and its direction indicates the direction of energy propagation. The notation '[EH]' commonly denotes the vector cross product E x H. It is crucial for understanding energy transfer in electromagnetic waves and circuits.","Eq(S, cross(E, H))"
Oscillations and Waves,Electromagnetic Waves. Radiation,Energy flow density of electric dipole radiation (far field),S \sim \frac{1}{r^{2}} \sin^{2} \theta,Energy flow density of electric dipole radiation in a far field zone,"The energy flow density 'S' of electric dipole radiation is proportional to one over the square of the distance 'r' from the dipole, multiplied by the square of the sine of the angle 'theta' relative to the dipole axis.",This formula describes the angular and radial dependence of the power radiated by an oscillating electric dipole in the far-field region. It shows that the radiation intensity decreases with the square of the distance ('1/r^2') and is strongest perpendicular to the dipole axis ('sin^2 theta'). It's used to characterize the radiation pattern of antennas or other oscillating charge distributions.,"Eq(S, k * (1 / r**2) * sin(theta)**2)"
Optics,Interference of Light,Width of a fringe,\Delta x = \frac{l}{d} \lambda,"where $l$ is the distance from the sources to the screen, $d$ is the distance between the sources.","The fringe width is equal to the distance from sources to screen divided by the distance between sources, all multiplied by the wavelength.","This formula describes the width of interference fringes in a Young's double-slit experiment or similar setup. It's used to calculate the spacing between bright or dark fringes on a screen, given the wavelength of light, the distance to the screen, and the separation of the sources.","Eq(Delta_x, (l/d) * lambda_)"
Optics,Interference of Light,Coherence length,l_{coh} \simeq \frac{\lambda^2}{\Delta \lambda},,The coherence length is approximately equal to the square of the wavelength divided by the spectral linewidth.,"This formula estimates the coherence length of a light source, which is the maximum path difference between two light waves for them to still interfere. It's inversely proportional to the spectral linewidth (Δλ) and directly proportional to the square of the central wavelength (λ). Used in optics to characterize the temporal coherence of light.","Eq(l_coh, (lambda_**2) / Delta_lambda)"
Optics,Interference of Light,Coherence radius,\rho_{coh} \simeq \frac{\lambda}{\psi},where $\psi$ is the angular dimension of the source.,The coherence radius is approximately equal to the wavelength divided by the angular dimension of the source.,"This formula estimates the coherence radius (or spatial coherence length) of a light source, which is the maximum transverse separation between two points on a wavefront for them to still interfere. It's inversely proportional to the angular size (ψ) of the source and directly proportional to the wavelength (λ). Used in optics to characterize the spatial coherence of light.","Eq(rho_coh, lambda_ / psi)"
Optics,Interference of Light,Interference maxima condition (thin film),2b \sqrt{n^2 - \sin^2 \theta_1} = (k + 1/2) \lambda,where $k$ is an integer.,"Twice the thickness of the plate times the square root of the refractive index squared minus the sine squared of the incident angle is equal to the quantity k plus one-half, all multiplied by the wavelength.","This equation describes the condition for constructive interference (maxima) when light is reflected from a thin film of thickness 'b' and refractive index 'n'. The term '(k + 1/2)λ' accounts for the phase shift upon reflection and the path difference, where 'k' is an integer. It's used to analyze thin-film interference phenomena like soap bubbles or anti-reflective coatings.","Eq(2*b*sqrt(n**2 - sin(theta_1)**2), (k + S(1)/2) * lambda_)"
Optics,Interference of Light,Radii of Newton's rings,r = \sqrt{\lambda R k / 2},"with the rings being bright if $k = 1, 3, 5, \dots$, and dark if $k = 2, 4, 6, \dots$ The value $k = 0$ corresponds to the middle of the central dark spot.","The radius of a Newton's ring is equal to the square root of the product of wavelength, lens radius, and integer k, all divided by two.","This formula calculates the radii of Newton's rings, which are interference patterns formed when a plano-convex lens is placed on a flat glass surface, creating a thin air film. 'R' is the radius of curvature of the lens, 'λ' is the wavelength of light, and 'k' is an integer representing the order of the ring. The value of 'k' determines whether the ring is bright or dark, depending on the phase shift at reflection.","Eq(r, sqrt(lambda_ * R * k / 2))"
Optics,Diffraction of Light,"Fraunhofer Diffraction Minima (Single Slit, Positive Order)",b \sin \theta = k\lambda,"Condition of intensity minima for Fraunhofer diffraction from a slit. b is the width of the slit, \(\theta\) is the diffraction angle. k = 1, 2, 3, \ldots.",The product of the slit width and the sine of the diffraction angle equals a positive integer multiple of the wavelength.,"This equation describes the angles at which destructive interference (intensity minima) occurs for Fraunhofer diffraction from a single slit, specifically for positive diffraction angles. 'k' represents the order of the minimum. It's used to determine the diffraction pattern produced by a single slit.","Eq(b * sin(theta), k * Lambda)"
Optics,Diffraction of Light,"Fraunhofer Diffraction Minima (Single Slit, Negative Order)",b \sin \theta = -k\lambda,"Condition of intensity minima for Fraunhofer diffraction from a slit. b is the width of the slit, \(\theta\) is the diffraction angle. k = 1, 2, 3, \ldots.",The product of the slit width and the sine of the diffraction angle equals a negative integer multiple of the wavelength.,"This equation describes the angles at which destructive interference (intensity minima) occurs for Fraunhofer diffraction from a single slit, specifically for negative diffraction angles. 'k' represents the order of the minimum. It's used to determine the diffraction pattern produced by a single slit.","Eq(b * sin(theta), -k * Lambda)"
Optics,Diffraction of Light,Diffraction Grating Maxima (Positive Order),d \sin \theta = k\lambda,"The main Fraunhofer maxima appear under this condition for a diffraction grating with light falling normally. k = 0, 1, 2, \ldots.",The product of the grating spacing and the sine of the diffraction angle equals a non-negative integer multiple of the wavelength.,"This equation gives the angles at which constructive interference (main maxima) occurs for a diffraction grating, for positive diffraction angles. 'd' is the spacing between grating lines, and 'k' is the order of the maximum. It's fundamental for understanding grating spectroscopy.","Eq(d * sin(theta), k * Lambda)"
Optics,Diffraction of Light,Diffraction Grating Maxima (Negative Order),d \sin \theta = -k\lambda,"The main Fraunhofer maxima appear under this condition for a diffraction grating with light falling normally. k = 0, 1, 2, \ldots.",The product of the grating spacing and the sine of the diffraction angle equals a non-positive integer multiple of the wavelength.,"This equation gives the angles at which constructive interference (main maxima) occurs for a diffraction grating, for negative diffraction angles. 'd' is the spacing between grating lines, and 'k' is the order of the maximum. It's fundamental for understanding grating spectroscopy.","Eq(d * sin(theta), -k * Lambda)"
Optics,Diffraction of Light,Diffraction Grating Additional Minima (Positive Order),d \sin \theta = \frac{k'}{N} \lambda,"Condition of additional minima for a diffraction grating. k' = 1, 2, \ldots, except for 0, N, 2N, \ldots.","The product of the grating spacing and the sine of the diffraction angle equals a specific fractional multiple of the wavelength, where the fraction depends on k' and the number of lines N.","This equation describes the angles of the secondary (additional) minima that appear between the main maxima in the diffraction pattern of a grating, for positive diffraction angles. 'N' is the total number of lines in the grating, and 'k'' specifies the order of these minima, excluding those that coincide with main maxima.","Eq(d * sin(theta), (k_prime / N) * Lambda)"
Optics,Diffraction of Light,Diffraction Grating Additional Minima (Negative Order),d \sin \theta = -\frac{k'}{N} \lambda,"Condition of additional minima for a diffraction grating. k' = 1, 2, \ldots, except for 0, N, 2N, \ldots.","The product of the grating spacing and the sine of the diffraction angle equals a negative specific fractional multiple of the wavelength, where the fraction depends on k' and the number of lines N.","This equation describes the angles of the secondary (additional) minima that appear between the main maxima in the diffraction pattern of a grating, for negative diffraction angles. 'N' is the total number of lines in the grating, and 'k'' specifies the order of these minima, excluding those that coincide with main maxima.","Eq(d * sin(theta), -(k_prime / N) * Lambda)"
Optics,Diffraction of Light,Angular Dispersion Definition,D = \frac{\delta\theta}{\delta\lambda},Angular dispersion of a diffraction grating.,Angular dispersion is the ratio of the change in diffraction angle to the change in wavelength.,"This defines the angular dispersion of a diffraction grating, which quantifies how much the diffraction angle changes for a small change in wavelength. It indicates the ability of the grating to separate different wavelengths.","Eq(D, delta_theta / delta_Lambda)"
Optics,Diffraction of Light,Angular Dispersion (Grating Formula),D = \frac{k}{d \cos \theta},Angular dispersion of a diffraction grating.,Angular dispersion equals the diffraction order divided by the product of the grating spacing and the cosine of the diffraction angle.,This formula provides a practical way to calculate the angular dispersion of a diffraction grating. It shows that dispersion increases with the order of diffraction ('k') and decreases with grating spacing ('d') and the cosine of the diffraction angle ('\theta').,"Eq(D, k / (d * cos(theta)))"
Optics,Diffraction of Light,Resolving Power Definition,R = \frac{\lambda}{\delta\lambda},Resolving power of a diffraction grating.,Resolving power is the ratio of the wavelength to the smallest resolvable wavelength difference.,"This defines the resolving power of an optical instrument, such as a diffraction grating, which measures its ability to distinguish between two closely spaced wavelengths. A higher 'R' means better resolution.","Eq(R, Lambda / delta_Lambda)"
Optics,Diffraction of Light,Resolving Power (Grating Formula),R = kN,"Resolving power of a diffraction grating, where N is the number of lines of the grating.",Resolving power equals the product of the diffraction order and the total number of lines in the grating.,This formula calculates the resolving power of a diffraction grating based on the diffraction order ('k') and the total number of illuminated lines ('N'). It shows that higher orders and more lines lead to better resolution.,"Eq(R, k * N)"
Optics,Diffraction of Light,Resolving Power of Objective (Angular Definition),R = \frac{1}{\delta\psi},"Resolving power of an objective, where \(\delta\psi\) is the least angular separation resolved by the objective.",Resolving power is the reciprocal of the least angular separation resolved by the objective.,"This defines the angular resolving power of an objective lens, indicating its ability to distinguish between two closely spaced point sources. A smaller '\delta\psi' (better resolution) results in a larger 'R'.","Eq(R, 1 / delta_psi)"
Optics,Diffraction of Light,Resolving Power of Objective (Rayleigh Criterion),R = \frac{D}{1.22\lambda},"Resolving power of an objective, where D is the diameter of the objective.",Resolving power equals the diameter of the objective divided by the product of 1.22 and the wavelength.,"This formula, derived from the Rayleigh criterion, calculates the angular resolving power of a circular objective lens. It shows that larger objective diameters ('D') and shorter wavelengths ('\lambda') lead to better resolution. The factor 1.22 arises from the diffraction pattern of a circular aperture.","Eq(R, D / (1.22 * Lambda))"
Optics,Diffraction of Light,Bragg's Equation (Positive Order),2d \sin \alpha = k\lambda,"Bragg's equation. The condition of diffraction maxima. d is the interplanar distance, \(\alpha\) is the glancing angle, k = 1, 2, 3, \ldots.",Twice the interplanar distance times the sine of the glancing angle equals a positive integer multiple of the wavelength.,"This equation describes the condition for constructive interference (diffraction maxima) when X-rays are scattered by crystal planes, for positive glancing angles. It's fundamental in X-ray crystallography for determining crystal structures. 'k' is the order of diffraction.","Eq(2 * d * sin(alpha), k * Lambda)"
Optics,Diffraction of Light,Bragg's Equation (Negative Order),2d \sin \alpha = -k\lambda,"Bragg's equation. The condition of diffraction maxima. d is the interplanar distance, \(\alpha\) is the glancing angle, k = 1, 2, 3, \ldots.",Twice the interplanar distance times the sine of the glancing angle equals a negative integer multiple of the wavelength.,"This equation describes the condition for constructive interference (diffraction maxima) when X-rays are scattered by crystal planes, for negative glancing angles. It's fundamental in X-ray crystallography for determining crystal structures. 'k' is the order of diffraction.","Eq(2 * d * sin(alpha), -k * Lambda)"
Optics,Thermal Radiation. Quantum Nature of Light,Compton Shift,\Delta\lambda = 2\pi\lambda_C (1 - \cos \theta),"Change in wavelength in the Compton effect, where \(\lambda_C\) is the Compton wavelength.",The change in wavelength is equal to two pi times the Compton wavelength times the quantity one minus the cosine of the scattering angle.,"This formula describes the change in wavelength of a photon after scattering off a charged particle (typically an electron), known as the Compton effect. It shows how the wavelength shift depends on the scattering angle (\(\theta\)) and the Compton wavelength (\(\lambda_C\)) of the particle. It is used to explain the particle-like nature of light and the energy loss of photons during scattering.","Eq(Delta_lambda, 2*pi*lambda_C * (1 - cos(theta)))"
Optics,Thermal Radiation. Quantum Nature of Light,Compton Wavelength,\lambda_C = \hbar/mc,Compton's wavelength.,Compton's wavelength is equal to the reduced Planck constant divided by the mass of the particle times the speed of light.,"This formula defines the Compton wavelength (\(\lambda_C\)), a quantum mechanical property of a particle. It represents the wavelength of a photon whose energy is equivalent to the rest mass energy of the particle. It is a characteristic length scale at which quantum relativistic effects become significant for a particle, often used in high-energy physics.","Eq(lambda_C, hbar / (m * c))"
Atomic and Nuclear Physics,Properties of Atoms. Spectra,Alkali Atom Term Energy,T = \frac {R}{(n + \alpha) ^ {2}},"where $R$ is the Rydberg constant, $\alpha$ is the Rydberg correction.",The term energy T is equal to the Rydberg constant R divided by the square of the principal quantum number n plus the Rydberg correction alpha.,"This formula describes the energy levels (terms) of alkali metal atoms, which have a single valence electron outside a closed shell. The Rydberg correction ($\alpha$) accounts for the penetration of the valence electron into the inner electron shells, causing a deviation from the simple hydrogenic energy levels. It's used to calculate the energy of specific electronic states.","Eq(T, R / (n + alpha)**2)"
Atomic and Nuclear Physics,Properties of Atoms. Spectra,Orbital Angular Momentum Magnitude,M _ {L} = \hbar \sqrt {L (L + 1)},with similar expressions for $M_S$ and $M_J$.,The magnitude of the orbital angular momentum M_L is equal to Planck's constant h-bar times the square root of L times L plus one.,"This formula gives the magnitude of the total orbital angular momentum of an electron in an atom, where L is the orbital angular momentum quantum number. Similar formulas exist for spin angular momentum ($M_S$) and total angular momentum ($M_J$), using the corresponding quantum numbers S and J. It's fundamental in atomic spectroscopy to characterize electron states.","Eq(M_L, hbar * sqrt(L * (L + 1)))"
Atomic and Nuclear Physics,Properties of Atoms. Spectra,"Total Angular Momentum (Hund's Rule, less than half-filled)",J = |L - S|,for the basic (normal) term if the subshell is less than halffilled,The total angular momentum quantum number J is the absolute difference between the orbital angular momentum L and the spin angular momentum S.,"This part of Hund's third rule determines the total angular momentum quantum number J for the ground state term when the electron subshell is less than half-filled. It states that J takes the minimum possible value, which is $|L-S|$. This rule helps predict the ground state of atoms.","Eq(J, Abs(L - S))"
Atomic and Nuclear Physics,Properties of Atoms. Spectra,"Total Angular Momentum (Hund's Rule, half-filled or more)",J = L + S,for the basic (normal) term in the remaining cases (half-filled or more),The total angular momentum quantum number J is the sum of the orbital angular momentum L and the spin angular momentum S.,"This part of Hund's third rule determines the total angular momentum quantum number J for the ground state term when the electron subshell is half-filled or more. It states that J takes the maximum possible value, which is $L+S$. This rule helps predict the ground state of atoms.","Eq(J, L + S)"
Atomic and Nuclear Physics,Properties of Atoms. Spectra,Boltzmann Distribution,\frac {N _ {2}}{N _ {1}} = \frac {g _ {2}}{g _ {1}} \mathrm {e} ^ {- (E _ {2} - E _ {1}) / \hbar T},where $g_{1}$ and $g_{2}$ are the statistical weights (degeneracies) of the corresponding levels.,"The ratio of the number of particles in state 2 to state 1 is equal to the ratio of their degeneracies times e to the power of negative the energy difference between state 2 and state 1, divided by Planck's constant h-bar times temperature T.","This formula describes the relative populations of two energy levels ($E_1$, $E_2$) in a system in thermal equilibrium at temperature T. $N_1$ and $N_2$ are the number of particles in each state, and $g_1$ and $g_2$ are their degeneracies. The term $\hbar T$ in the denominator is typically $k_B T$ (Boltzmann constant times temperature) in the standard Boltzmann distribution, representing thermal energy. It's widely used in statistical mechanics and spectroscopy to understand how energy levels are populated.","Eq(N2 / N1, (g2 / g1) * exp(-(E2 - E1) / (hbar * T)))"
Atomic and Nuclear Physics,Properties of Atoms. Spectra,Spontaneous Emission Probability,P _ {2 1} ^ {s p} = A _ {2 1},"Probability of spontaneous radiation, where $A_{21}$ is an Einstein coefficient.",The probability of spontaneous emission from level 2 to level 1 is equal to the Einstein coefficient A_21.,"This formula defines the probability per unit time for an atom to spontaneously transition from a higher energy level (2) to a lower energy level (1), emitting a photon. $A_{21}$ is the Einstein coefficient for spontaneous emission, which is an intrinsic property of the transition. It's crucial in understanding natural light emission processes.","Eq(P_sp_21, A_21)"
Atomic and Nuclear Physics,Properties of Atoms. Spectra,Induced Emission Probability,P _ {2 1} ^ {i n d} = B _ {2 1} u _ {\omega},"Probability of induced radiation, where $B_{21}$ is an Einstein coefficient and $u_{\omega}$ is the spectral density of radiation.",The probability of induced emission from level 2 to level 1 is equal to the Einstein coefficient B_21 times the spectral density of radiation u_omega.,"This formula describes the probability per unit time for an atom in a higher energy level (2) to be stimulated by incident radiation of spectral density $u_{\omega}$ to transition to a lower energy level (1), emitting a photon coherent with the incident radiation. $B_{21}$ is the Einstein coefficient for induced emission. This process is fundamental to lasers.","Eq(P_ind_21, B_21 * u_omega)"
Atomic and Nuclear Physics,Properties of Atoms. Spectra,Absorption Probability,P _ {1 2} ^ {a b s} = B _ {1 2} u _ {\omega},"Probability of absorption, where $B_{12}$ is an Einstein coefficient and $u_{\omega}$ is the spectral density of radiation.",The probability of absorption from level 1 to level 2 is equal to the Einstein coefficient B_12 times the spectral density of radiation u_omega.,"This formula describes the probability per unit time for an atom in a lower energy level (1) to absorb a photon from incident radiation of spectral density $u_{\omega}$ and transition to a higher energy level (2). $B_{12}$ is the Einstein coefficient for absorption. This process is key to understanding how matter interacts with light, leading to absorption spectra.","Eq(P_abs_12, B_12 * u_omega)"
Atomic and Nuclear Physics,Properties of Atoms. Spectra,Einstein B-coefficient Relation,g _ {1} B _ {1 2} = g _ {2} B _ {2 1},"Relation between Einstein coefficients $B_{12}$ and $B_{21}$, where $g_1, g_2$ are statistical weights.",The statistical weight of level 1 times the Einstein B-coefficient for absorption from 1 to 2 is equal to the statistical weight of level 2 times the Einstein B-coefficient for induced emission from 2 to 1.,"This relation connects the Einstein B-coefficients for absorption ($B_{12}$) and induced emission ($B_{21}$) between two energy levels (1 and 2), taking into account their statistical weights ($g_1$ and $g_2$). It implies that if the degeneracies are equal, the probabilities for absorption and induced emission are the same. This is derived from thermodynamic equilibrium considerations.","Eq(g1 * B_12, g2 * B_21)"
Atomic and Nuclear Physics,Properties of Atoms. Spectra,Einstein A-B Coefficient Relation,B _ {2 1} = \frac {\pi^ {2} c ^ {3}}{\hbar \omega^ {3}} A _ {2 1},"Relation between Einstein coefficients $B_{21}$ and $A_{21}$, where $c$ is the speed of light, $\hbar$ is the reduced Planck constant, and $\omega$ is the transition frequency.","The Einstein B-coefficient for induced emission from 2 to 1 is equal to pi squared times the speed of light cubed, divided by Planck's constant h-bar times the transition frequency cubed, all multiplied by the Einstein A-coefficient for spontaneous emission from 2 to 1.",This fundamental relation links the Einstein coefficient for induced emission ($B_{21}$) to the Einstein coefficient for spontaneous emission ($A_{21}$) for a transition between levels 2 and 1. It shows that spontaneous emission is inherently related to the ability of a system to undergo induced emission. This relation is crucial for understanding the balance between these processes in thermal equilibrium and for laser physics.,"Eq(B_21, (pi**2 * c**3) / (hbar * omega**3) * A_21)"
Atomic and Nuclear Physics,Properties of Atoms. Spectra,Moseley's Law for K-alpha,\omega_ {K _ {\alpha}} = \frac {3}{4} R (Z - \sigma) ^ {2},"Moseley's law for K-alpha lines, where R is the Rydberg constant, Z is the atomic number, and $\sigma$ is the screening constant.",The frequency of the K-alpha X-ray line is equal to three-fourths times the Rydberg constant times the square of the atomic number Z minus the screening constant sigma.,"Moseley's law describes the characteristic X-ray frequencies emitted by elements. Specifically for K-alpha lines, it relates the frequency ($\omega_{K_{\alpha}}$) to the atomic number (Z) and a screening constant ($\sigma$). This law was crucial in establishing the concept of atomic number as a fundamental property of an element and for ordering elements in the periodic table.","Eq(omega_K_alpha, (S(3)/4) * R * (Z - sigma)**2)"
Atomic and Nuclear Physics,Properties of Atoms. Spectra,Magnetic moment of an atom,\mu = g \sqrt{J(J+1)} \mu_B,Magnetic moment of an atom and Landé g factor,"The magnetic moment of an atom is equal to the Landé g-factor times the square root of J times J plus one, all multiplied by the Bohr magneton.","This formula calculates the magnetic dipole moment of an atom, which arises from the orbital and spin angular momenta of its electrons. It's used in atomic physics to understand how atoms interact with magnetic fields, particularly in phenomena like the Zeeman effect.","Eq(mu, g * sqrt(J * (J + 1)) * mu_B)"
Atomic and Nuclear Physics,Properties of Atoms. Spectra,Landé g-factor,g = 1 + \frac{J(J+1) + S(S+1) - L(L+1)}{2J(J+1)},Magnetic moment of an atom and Landé g factor,"The Landé g-factor is equal to one plus the quantity of J times J plus one, plus S times S plus one, minus L times L plus one, all divided by two times J times J plus one.","This formula defines the Landé g-factor, a dimensionless quantity that relates the magnetic moment of an atom to its total angular momentum quantum number J. It accounts for the contributions of orbital (L) and spin (S) angular momenta to the atom's magnetic moment and is crucial for analyzing the Zeeman effect and other magnetic interactions.","Eq(g, 1 + (J * (J + 1) + S * (S + 1) - L * (L + 1)) / (2 * J * (J + 1)))"
Atomic and Nuclear Physics,Properties of Atoms. Spectra,Zeeman splitting of spectral lines,\Delta\omega = (m_1g_1 - m_2g_2) \mu_B B/\hbar,Zeeman splitting of spectral lines in a weak magnetic field,"The change in angular frequency is equal to the difference between m-one g-one and m-two g-two, all multiplied by the Bohr magneton, the magnetic field strength, and divided by the reduced Planck constant.","This formula describes the energy splitting (expressed as a change in angular frequency) of atomic spectral lines when an atom is placed in a weak external magnetic field, known as the Zeeman effect. It quantifies how the magnetic field interacts with the atom's magnetic moment, leading to multiple closely spaced lines instead of a single one.","Eq(Delta_omega, (m1 * g1 - m2 * g2) * mu_B * B / hbar)"
Atomic and Nuclear Physics,Molecules and Crystals,Rotational Energy of a Rigid Rotor,E _ {J} = \frac {\hbar^ {2}}{2 I} J (J + 1),,"The rotational energy of a molecule is equal to Planck's constant squared divided by twice the moment of inertia, multiplied by the rotational quantum number J times J plus one.","This formula describes the rotational energy levels of a rigid rotor, such as a diatomic molecule. J is the rotational quantum number, I is the moment of inertia, and ħ is the reduced Planck constant. It's fundamental in rotational spectroscopy to understand molecular rotations.","Eq(E_J, (hbar**2 / (2 * I)) * J * (J + 1))"
Atomic and Nuclear Physics,Molecules and Crystals,Rotational Energy of a Rigid Rotor,E _ {J} = \frac {\hbar^ {2}}{2 I} J (J + 1),,"The rotational energy of a molecule is equal to Planck's constant squared divided by twice the moment of inertia, multiplied by the rotational quantum number J times J plus one.","This formula describes the rotational energy levels of a rigid rotor, such as a diatomic molecule. J is the rotational quantum number, I is the moment of inertia, and ħ is the reduced Planck constant. It's fundamental in rotational spectroscopy to understand molecular rotations.","Eq(E_J, (hbar**2 / (2 * I)) * J * (J + 1))"
Atomic and Nuclear Physics,Molecules and Crystals,Vibrational Energy of a Harmonic Oscillator,E _ {v} = \hbar \omega \left(v + \frac {1}{2}\right),,"The vibrational energy of a molecule is equal to Planck's constant divided by two pi, multiplied by the angular frequency, times the vibrational quantum number v plus one half.","This formula describes the vibrational energy levels of a quantum harmonic oscillator, a common model for molecular vibrations. Here, v is the vibrational quantum number, ħ is the reduced Planck constant, and ω is the angular frequency of the vibration. It notably shows the existence of a non-zero zero-point energy (when v=0).","Eq(E_v, hbar * omega * (v + S(1)/2))"
Atomic and Nuclear Physics,Nuclear Reactions,Binding Energy (Mass Defect Method),E_b = Z m_{\mathbf{H}} + (A - Z) m_n - M,"Z is charge, A is mass number. $m_{\mathbf{H}}, m_n, M$ are masses of hydrogen atom, neutron, and the given atom, respectively.","The binding energy of a nucleus is the sum of the mass of Z hydrogen atoms and A minus Z neutrons, minus the mass of the actual atom.",This formula calculates the binding energy of an atomic nucleus based on the mass defect. It represents the energy required to disassemble the nucleus into its constituent protons (represented by hydrogen atoms) and neutrons. The difference between the sum of the masses of the individual nucleons and the actual mass of the nucleus is converted into energy via Einstein's mass-energy equivalence. It's used to determine nuclear stability.,"Eq(E_b, Z*m_H + (A - Z)*m_n - M)"
Atomic and Nuclear Physics,Nuclear Reactions,Binding Energy (Mass Surplus Method),E_b = Z \Delta_{\mathbf{H}} + (A - Z) \Delta_n - \Delta,"$\Delta_{\mathbf{H}}, \Delta_n, \Delta$ are mass surpluses of a hydrogen atom, a neutron, and the given atom, respectively.","The binding energy of a nucleus is the sum of the mass surpluses of Z hydrogen atoms and A minus Z neutrons, minus the mass surplus of the actual atom.","This formula provides an alternative way to calculate the binding energy using mass surpluses (or mass defects). Mass surplus is the difference between the actual isotopic mass and its mass number in atomic mass units. This method is often more convenient in calculations as it uses readily available mass surplus data, which are typically smaller numbers than total masses, reducing numerical precision issues.","Eq(E_b, Z*Delta_H + (A - Z)*Delta_n - Delta)"
Atomic and Nuclear Physics,Nuclear Reactions,Nuclear Reaction Energy Balance,m + M \rightarrow M^* \rightarrow m' + M' + Q,"Describes a nuclear reaction where $m, M$ are initial rest masses, $m', M'$ are final rest masses, $M^*$ is the transitional nucleus, and $Q$ is the reaction energy. Other terms like $\widetilde{T}, \widetilde{T}', E^*, E, E', I, 2, 3$ are related kinetic energies, excitation energy, binding energies, and energy levels.","An incoming particle m reacts with a target nucleus M to form an excited transitional nucleus M-star, which then decays into product particles m-prime and M-prime, releasing energy Q.","This represents the general scheme of a nuclear reaction, illustrating the transformation of initial particles (reactant `m` and target `M`) into an intermediate excited compound nucleus (`M^*`), which then decays into final product particles (`m'` and `M'`) and releases or absorbs energy (`Q`). The SymPy formula represents the overall mass-energy balance, where `Q` is the reaction energy.","Eq(m*c**2 + M*c**2, m_prime*c**2 + M_prime*c**2 + Q)"
Atomic and Nuclear Physics,Nuclear Reactions,Threshold Kinetic Energy for Endoergic Reaction,T_{th} = \frac{m + M}{M} |Q|,"m and M are the masses of the incoming particle and the target nucleus, respectively.","The threshold kinetic energy is the sum of the incoming particle's mass and the target nucleus's mass, divided by the target nucleus's mass, multiplied by the absolute value of the reaction energy Q.","This formula calculates the minimum kinetic energy (`T_th`) an incoming particle must possess to initiate an endoergic (energy-absorbing, Q < 0) nuclear reaction. It's derived from conservation of momentum and energy in the center-of-mass frame and ensures that enough energy is available to overcome the energy deficit `|Q|` and provide kinetic energy to the products.","Eq(T_th, (m + M)/M*Abs(Q))"
Optics,Thermal Radiation. Quantum Nature of Light,Radiosity,M_{e}=\frac{c}{4} u,where $u$ is the space density of thermal radiation energy.,"Radiant exitance equals the speed of light divided by four, times the space density of thermal radiation energy.","This formula relates the radiant exitance (or radiosity) $M_e$ from a surface to the volumetric energy density $u$ of thermal radiation in the surrounding space. It's used to describe the total power radiated per unit area from a surface, assuming isotropic radiation.","Eq(Symbol('M_e'), Symbol('c')/4 * Symbol('u'))"
Optics,Thermal Radiation. Quantum Nature of Light,Wien's Formula (Spectral Energy Density),u_{\omega}=\omega^{3} F(\omega / T),"Part of Wien's law, describing spectral energy density.","The spectral energy density of radiation at a given angular frequency equals the angular frequency cubed, times a function of the ratio of angular frequency to temperature.","This is Wien's approximation for the spectral energy density of black-body radiation as a function of angular frequency $\omega$ and temperature $T$. It was an early attempt to describe the black-body spectrum, valid at high frequencies (short wavelengths), but it failed at low frequencies.","Eq(Symbol('u_omega'), Symbol('omega')**3 * Function('F')(Symbol('omega') / Symbol('T')))"
Optics,Thermal Radiation. Quantum Nature of Light,Wien's Displacement Law,T \lambda_{m}=b,where $\lambda_{m}$ is the wavelength corresponding to the maximum of the function $u_{\lambda}$.,Temperature times the peak wavelength equals Wien's displacement constant.,"This law states that the peak wavelength $\lambda_m$ of the emitted radiation from a black body is inversely proportional to its absolute temperature $T$. As an object gets hotter, the peak of its emitted radiation shifts to shorter wavelengths (higher frequencies), explaining why hot objects glow blue-white and cooler objects glow red.","Eq(Symbol('T') * Symbol('lambda_m'), Symbol('b'))"
Optics,Thermal Radiation. Quantum Nature of Light,Stefan-Boltzmann Law,M_{e}=\sigma T^{4},where $\sigma$ is the Stefan-Boltzmann constant.,Radiant exitance equals the Stefan-Boltzmann constant times the absolute temperature to the fourth power.,"This law describes the total power radiated per unit surface area of a black body across all wavelengths, which is directly proportional to the fourth power of its absolute temperature $T$. It's fundamental for calculating heat transfer by radiation.","Eq(Symbol('M_e'), Symbol('sigma') * Symbol('T')**4)"
Optics,Thermal Radiation. Quantum Nature of Light,Planck's Formula (Spectral Energy Density),u_{\omega}=\frac{\hbar \omega^{3}}{\pi^{2} c^{3}} \frac{1}{e^{\hbar \omega / k T}-1},,"The spectral energy density of radiation at angular frequency omega is given by a constant factor times omega cubed, divided by the exponential of (reduced Planck's constant times omega over Boltzmann constant times temperature) minus one.","This is Planck's law for the spectral energy density of black-body radiation as a function of angular frequency $\omega$ and temperature $T$. It successfully describes the entire black-body spectrum, resolving the 'ultraviolet catastrophe' of classical physics by introducing the concept of quantized energy.","Eq(Symbol('u_omega'), (Symbol('hbar') * Symbol('omega')**3) / (pi**2 * Symbol('c')**3) * (1 / (exp(Symbol('hbar') * Symbol('omega') / (Symbol('k') * Symbol('T'))) - 1)))"
Optics,Thermal Radiation. Quantum Nature of Light,Einstein's Photoelectric Equation,\hbar \omega=A+\frac{m v_{max}^{2}}{2},,The energy of an incident photon equals the work function of the material plus the maximum kinetic energy of the emitted electron.,"This equation describes the photoelectric effect, where light incident on a material causes electrons to be ejected. It states that the energy of a photon ($\hbar \omega$) is used to overcome the work function ($A$) of the material and provide the remaining energy as kinetic energy to the emitted electron ($\frac{1}{2} m v_{max}^2$). It provided crucial evidence for the particle nature of light (photons).","Eq(Symbol('hbar') * Symbol('omega'), Symbol('A') + (Symbol('m') * Symbol('v_max')**2) / 2)"
Atomic and Nuclear Physics,Elementary Particles,Total Energy of Relativistic Particle,E = m_0 c^2 + T,Total energy and momentum of a relativistic particle.,Total energy equals rest mass energy plus kinetic energy.,This formula defines the total energy (E) of a relativistic particle as the sum of its rest mass energy ($m_0 c^2$) and its kinetic energy (T). It is a fundamental relation in relativistic mechanics.,"Eq(E, m0 * c**2 + T)"
Atomic and Nuclear Physics,Elementary Particles,Relativistic Momentum,pc = \sqrt{T(T + 2m_0 c^2)},Total energy and momentum of a relativistic particle.,Momentum times the speed of light equals the square root of kinetic energy times the sum of kinetic energy and twice the rest mass energy.,This formula relates the momentum (p) of a relativistic particle to its kinetic energy (T) and rest mass ($m_0$). It is derived from the relativistic energy-momentum relation and is useful when kinetic energy is the known variable.,"Eq(p * c, sqrt(T * (T + 2 * m0 * c**2)))"
Atomic and Nuclear Physics,Elementary Particles,Relativistic Energy-Momentum Invariant,E^2 - p^2 c^2 = m_0^2 c^4,When examining collisions of particles it pays to use the invariant.,The square of total energy minus the square of momentum times the speed of light squared equals the square of rest mass times the speed of light to the fourth power.,"This is the fundamental relativistic energy-momentum relation, an invariant quantity that holds true for any particle or system of particles, regardless of its reference frame. It is crucial for analyzing particle collisions and decays.","Eq(E**2 - p**2 * c**2, m0**2 * c**4)"
Atomic and Nuclear Physics,Elementary Particles,Threshold Kinetic Energy for Endoergic Reaction,T_{th} = \frac{(m_1 + m_2 + \ldots)^2 - (m + M)^2}{2M} c^2,Threshold (minimal) kinetic energy of a particle $m$ striking a stationary particle $M$ and activating the endoergic reaction $m + M \rightarrow m_1 + m_2 + \ldots$.,"Threshold kinetic energy equals the difference between the square of the sum of product rest masses and the square of the sum of reactant rest masses, all divided by twice the target particle's rest mass, times the speed of light squared.","This formula calculates the minimum kinetic energy ($T_{th}$) required for an incident particle (m) to initiate an endoergic (energy-absorbing) nuclear or particle reaction with a stationary target particle (M), producing new particles ($m_1, m_2, \ldots$).","Eq(T_th, (Symbol('sum_of_product_masses')**2 - (m + M)**2) / (2 * M) * c**2)"
Atomic and Nuclear Physics,Elementary Particles,Strangeness Quantum Number,S = 2(Q) - B,"Quantum numbers classifying elementary particles: S, strangeness.",Strangeness equals twice the electric charge minus the baryon charge.,This formula defines the strangeness quantum number (S) in terms of electric charge (Q) and baryon charge (B). Strangeness is conserved in strong and electromagnetic interactions but violated in weak interactions.,"Eq(S, 2 * Q - B)"
Atomic and Nuclear Physics,Elementary Particles,Hypercharge Quantum Number,Y = B + S,"Quantum numbers classifying elementary particles: Y, hypercharge.",Hypercharge equals baryon charge plus strangeness.,This formula defines the hypercharge quantum number (Y) as the sum of the baryon charge (B) and strangeness (S). Hypercharge is conserved in strong and electromagnetic interactions.,"Eq(Y, B + S)"
Atomic and Nuclear Physics,Elementary Particles,Gell-Mann–Nishijima Formula (Hypercharge form),Q = T_z + \frac{Y}{2},Relation between quantum numbers of strongly interacting particles:,Electric charge equals the isospin projection plus half the hypercharge.,This formula relates the electric charge (Q) of a hadron to its isospin projection (Tz) and hypercharge (Y). It is a fundamental relation in particle physics for classifying hadrons and understanding their quantum numbers in strong interactions.,"Eq(Q, T_z + Y/2)"
Atomic and Nuclear Physics,Elementary Particles,Hypercharge Definition,Y = B+S,Relation between quantum numbers of strongly interacting particles:,Hypercharge equals baryon number plus strangeness.,This equation defines hypercharge (Y) as the sum of the baryon number (B) and strangeness (S). Hypercharge is a conserved quantum number in strong interactions and is used in the Gell-Mann–Nishijima formula.,"Eq(Y, B + S)"
Atomic and Nuclear Physics,Elementary Particles,Gell-Mann–Nishijima Formula (Baryon and Strangeness form),Q = T_z + \frac{B+S}{2},Relation between quantum numbers of strongly interacting particles:,Electric charge equals the isospin projection plus half the sum of baryon number and strangeness.,"This is an alternative form of the Gell-Mann–Nishijima formula, where hypercharge (Y) is explicitly replaced by its definition (B+S). It directly relates the electric charge (Q) to isospin projection (Tz), baryon number (B), and strangeness (S), all of which are conserved in strong interactions.","Eq(Q, T_z + (B + S)/2)"
Optics,Polarization of Light,Degree of Polarization,P = \frac{I_{max} - I_{min}}{I_{max} + I_{min}},Degree of polarization of light:,Polarization equals the difference between maximum and minimum intensities divided by the sum of maximum and minimum intensities.,"This formula quantifies the degree of polarization of light, indicating how much of the light is polarized. It's used to describe the extent to which the electric field oscillations of light are confined to a particular plane or direction. A value of 1 means fully polarized, 0 means unpolarized.","Eq(P, (I_max - I_min) / (I_max + I_min))"
Optics,Polarization of Light,Malus's Law,I = I_0 \cos^2 \varphi,Malus's law:,Intensity equals initial intensity times the square of the cosine of the angle between the polarizer's transmission axis and the incident light's polarization direction.,Malus's law describes the intensity of plane-polarized light transmitted through an analyzer. It's used to calculate the intensity of light after passing through a polarizer when the incident light is already polarized.,"Eq(I, I_0 * cos(phi)**2)"
Optics,Polarization of Light,Brewster's Law,\tan \theta_B = n_2/n_1,Brewster's law:,The tangent of Brewster's angle equals the ratio of the refractive index of the second medium to the refractive index of the first medium.,"Brewster's law defines Brewster's angle (or the polarization angle), at which light with a particular polarization is perfectly transmitted through a transparent dielectric surface, with no reflection. It's used to find the angle at which reflected light is completely polarized parallel to the surface.","Eq(tan(theta_B), n_2 / n_1)"
Optics,Polarization of Light,Fresnel Equation for Perpendicular Polarization (Reflected Intensity),I'_\perp = I_\perp \frac{\sin^2 (\theta_1 - \theta_2)}{\sin^2 (\theta_1 + \theta_2)},Fresnel equations for intensity of light reflected at the boundary between two dielectrics: where $I_\perp$ and $I_\parallel$ are the intensities of incident light whose electric vector oscillations are respectively perpendicular and parallel to the plane of incidence.,"The reflected intensity for perpendicular polarization equals the incident intensity for perpendicular polarization times the square of the sine of the difference between the angles of incidence and refraction, divided by the square of the sine of their sum.","This is one of the Fresnel equations, specifically for the intensity of reflected light when the electric field is perpendicular to the plane of incidence (s-polarization). It's used to calculate the reflected intensity at an interface between two dielectric media, given the incident intensity and angles.","Eq(I_prime_perp, I_perp * sin(theta_1 - theta_2)**2 / sin(theta_1 + theta_2)**2)"
Optics,Polarization of Light,Fresnel Equation for Parallel Polarization (Reflected Intensity),I'_\parallel = I_\parallel \frac{\tan^2 (\theta_1 - \theta_2)}{\tan^2 (\theta_1 + \theta_2)},Fresnel equations for intensity of light reflected at the boundary between two dielectrics: where $I_\perp$ and $I_\parallel$ are the intensities of incident light whose electric vector oscillations are respectively perpendicular and parallel to the plane of incidence.,"The reflected intensity for parallel polarization equals the incident intensity for parallel polarization times the square of the tangent of the difference between the angles of incidence and refraction, divided by the square of the tangent of their sum.","This is another Fresnel equation, for the intensity of reflected light when the electric field is parallel to the plane of incidence (p-polarization). It's used to calculate the reflected intensity at an interface between two dielectric media, given the incident intensity and angles.","Eq(I_prime_parallel, I_parallel * tan(theta_1 - theta_2)**2 / tan(theta_1 + theta_2)**2)"
Optics,Polarization of Light,Phase Difference in Birefringent Plate,\delta = 2\pi (n_0 - n_e)d/\lambda,"Here $\delta = 2\pi (n_0 - n_e)d/\lambda$ is the phase difference between the ordinary and extraordinary rays, $k = 0, 1, 2, \dots$.","Phase difference equals two pi times the difference between the ordinary and extraordinary refractive indices, times the plate thickness, divided by the wavelength.",This formula calculates the phase difference introduced between the ordinary and extraordinary rays when light passes through a birefringent crystalline plate. It's crucial for understanding the operation of wave plates (retarders) and how they alter the polarization state of light.,"Eq(delta, 2 * pi * (n_0 - n_e) * d / lamda)"
Optics,Polarization of Light,Natural Optical Rotation,\varphi_{nat} = \alpha l,"Natural and magnetic rotation of the plane of polarization: where $\alpha$ is the rotation constant, $V$ is Verdet's constant.",Natural rotation of the plane of polarization equals the rotation constant times the path length.,"This formula describes the rotation of the plane of polarization of linearly polarized light as it passes through an optically active material (e.g., sugar solutions). It's used to quantify the optical activity of substances, often for concentration measurements.","Eq(phi_nat, alpha * l)"
Optics,Polarization of Light,Magnetic Optical Rotation (Faraday Effect),\varphi_{magn} = VlH,"Natural and magnetic rotation of the plane of polarization: where $\alpha$ is the rotation constant, $V$ is Verdet's constant.",Magnetic rotation of the plane of polarization equals Verdet's constant times the path length times the magnetic field strength.,"This formula describes the Faraday effect, where the plane of polarization of linearly polarized light is rotated when it passes through a material in the presence of a magnetic field parallel to the light's propagation direction. It's used in optical isolators and to measure magnetic fields.","Eq(phi_magn, V * l * H)"
Electrodynamics,Electromagnetic Induction. Maxwell's Equations,Faraday's Law of Electromagnetic Induction,\mathcal{E}_t = - \frac{d\Phi}{dt},Faraday's law of electromagnetic induction.,Induced electromotive force equals the negative rate of change of magnetic flux.,"This law states that a changing magnetic flux (Φ) through a circuit induces an electromotive force (EMF, ℰₜ), which in turn drives a current. The negative sign indicates Lenz's law, meaning the induced EMF opposes the change in magnetic flux that produced it. It's fundamental to generators, transformers, and many other electrical devices.","Eq(E_t, -Derivative(Phi, t))"
Electrodynamics,Electromagnetic Induction. Maxwell's Equations,Magnetic Flux in a Solenoid/Coil,\Phi = N\Phi_1,"In the case of a solenoid and doughnut coil, where $N$ is the number of turns, $\Phi_1$ is the magnetic flux through each turn.",Total magnetic flux equals the number of turns times the magnetic flux through each turn.,This formula relates the total magnetic flux (Φ) through a coil (like a solenoid or a toroidal coil) to the magnetic flux passing through a single turn (Φ₁) and the total number of turns (N). It's used to calculate the overall flux linkage in multi-turn coils.,"Eq(Phi, N * Phi_1)"
Electrodynamics,Electromagnetic Induction. Maxwell's Equations,Inductance of a Solenoid,L = \mu\mu_0 n^2 V,Inductance of a solenoid.,Inductance equals relative permeability times vacuum permeability times the square of the number of turns per unit length times volume.,"This formula calculates the self-inductance (L) of a solenoid, which is a measure of its ability to store energy in a magnetic field. 'μ' is relative permeability, 'μ₀' is vacuum permeability, 'n' is the number of turns per unit length, and 'V' is the volume of the solenoid. It's used in designing inductors for circuits.","Eq(L, mu * mu_0 * n**2 * V)"
Electrodynamics,Electromagnetic Induction. Maxwell's Equations,Intrinsic Energy of a Current,W = \frac{LI^2}{2},Intrinsic energy of a current.,Energy equals one-half times inductance times current squared.,This formula calculates the energy (W) stored in the magnetic field of an inductor when a current (I) flows through it. 'L' is the inductance. This energy is stored as long as the current is flowing and is released when the current changes.,"Eq(W, (L * I**2) / 2)"
Electrodynamics,Electromagnetic Induction. Maxwell's Equations,Interaction Energy of Two Currents,W_{12} = L_{12}I_1I_2,Interaction energy of two currents.,Interaction energy equals mutual inductance times current one times current two.,"This formula describes the energy of interaction (W₁₂) between two current-carrying circuits. 'L₁₂' is the mutual inductance between the two circuits, and 'I₁' and 'I₂' are the currents in each circuit. It quantifies how the magnetic field of one circuit affects the other.","Eq(W_12, L_12 * I_1 * I_2)"
Electrodynamics,Electromagnetic Induction. Maxwell's Equations,Volume Density of Magnetic Field Energy (B-field form),w = \frac{B^2}{2\mu\mu_0},Volume density of magnetic field energy.,Energy density equals magnetic field squared divided by two times relative permeability times vacuum permeability.,"This formula gives the energy stored per unit volume (w) in a magnetic field, expressed in terms of the magnetic field strength (B), relative permeability (μ), and vacuum permeability (μ₀). It's used to calculate how much energy is stored in a given volume of space due to a magnetic field.","Eq(w, B**2 / (2 * mu * mu_0))"
Electrodynamics,Electromagnetic Induction. Maxwell's Equations,Volume Density of Magnetic Field Energy (B and H field form),w = \frac{\mathbf{BH}}{2},Volume density of magnetic field energy.,Energy density equals one-half times magnetic field times magnetic field intensity.,"This formula provides an alternative way to express the energy density (w) of a magnetic field, using both the magnetic field (B) and the magnetic field intensity (H). It's particularly useful in materials where B and H are not simply related by μ₀.","Eq(w, (B * H) / 2)"
Electrodynamics,Electromagnetic Induction. Maxwell's Equations,Displacement Current Density (Incorrect form in source),\mathbf{j}_{dis} = \frac{\partial\mathbf{B}}{\partial t},Displacement current density.,Displacement current density equals the partial derivative of the magnetic field with respect to time.,"This formula, as written, is incorrect for displacement current density. The correct form, as per Maxwell's equations, is j_dis = ∂D/∂t, where D is the electric displacement field. The provided formula seems to be a typo or a misunderstanding in the source material, as ∂B/∂t is related to the induced electric field (Faraday's law), not displacement current.","Eq(j_dis, Derivative(B, t))"
Electrodynamics,Electromagnetic Induction. Maxwell's Equations,Maxwell's Equation (Faraday's Law in Differential Form),\nabla \times \mathbf{E} = - \frac{\partial\mathbf{B}}{\partial t},"Maxwell's equations in differential form, where $\nabla \times \equiv$ rot (the rotor) and $\nabla \cdot \equiv$ div (the divergence).",The curl of the electric field equals the negative partial derivative of the magnetic field with respect to time.,"This is Faraday's Law of Induction in its differential form, one of Maxwell's four fundamental equations. It states that a time-varying magnetic field (B) creates a circulating electric field (E). This principle is crucial for understanding electromagnetic waves and the operation of generators.","Eq(Curl(E), -Derivative(B, t))"
Electrodynamics,Electromagnetic Induction. Maxwell's Equations,Maxwell's Equation (Gauss's Law for Magnetism),\nabla \cdot \mathbf{B} = 0,"Maxwell's equations in differential form, where $\nabla \times \equiv$ rot (the rotor) and $\nabla \cdot \equiv$ div (the divergence).",The divergence of the magnetic field equals zero.,"This is Gauss's Law for Magnetism, another of Maxwell's equations. It states that there are no magnetic monopoles; magnetic field lines always form closed loops, meaning the net magnetic flux through any closed surface is zero.","Eq(Divergence(B), 0)"
Electrodynamics,Electromagnetic Induction. Maxwell's Equations,Maxwell's Equation (Ampere-Maxwell Law in Differential Form),\nabla \times \mathbf{H} = \mathbf{j} + \frac{\partial\mathbf{D}}{\partial t},"Maxwell's equations in differential form, where $\nabla \times \equiv$ rot (the rotor) and $\nabla \cdot \equiv$ div (the divergence).",The curl of the magnetic field intensity equals the sum of the current density and the partial derivative of the electric displacement field with respect to time.,"This is the Ampere-Maxwell Law in its differential form. It states that a circulating magnetic field intensity (H) can be produced by either a conduction current density (j) or a time-varying electric displacement field (∂D/∂t, the displacement current). This equation is essential for understanding how electromagnetic waves propagate.","Eq(Curl(H), j + Derivative(D, t))"
Electrodynamics,Electromagnetic Induction. Maxwell's Equations,Maxwell's Equation (Gauss's Law for Electricity in Differential Form),\nabla \cdot \mathbf{D} = \rho,"Maxwell's equations in differential form, where $\nabla \times \equiv$ rot (the rotor) and $\nabla \cdot \equiv$ div (the divergence).",The divergence of the electric displacement field equals the charge density.,"This is Gauss's Law for Electricity in its differential form. It states that the divergence of the electric displacement field (D) at any point is equal to the free charge density (ρ) at that point. In simpler terms, electric field lines originate from positive charges and terminate on negative charges.","Eq(Divergence(D), rho)"
Electrodynamics,Electromagnetic Induction. Maxwell's Equations,Electric Field Transformation (Low Velocity),\mathbf{E}' = \mathbf{E} + [\mathbf{v}_0\mathbf{B}],Field transformation formulas for transition from a reference frame $K$ to a reference frame $K'$ moving with the velocity $\mathbf{v}_0$ relative to it. In the case $v_0 \ll c$.,The electric field in the moving frame equals the electric field in the stationary frame plus the cross product of the relative velocity and the magnetic field.,"This formula describes how the electric field (E) transforms when observed from a reference frame K' moving at a low velocity (v₀) relative to a stationary frame K. It shows that a magnetic field (B) in one frame can appear as an electric field (E') in another moving frame, and vice-versa, at non-relativistic speeds. '[v₀B]' denotes the cross product v₀ x B.","Eq(E_prime, E + Cross(v_0, B))"
Electrodynamics,Electromagnetic Induction. Maxwell's Equations,Magnetic Field Transformation (Low Velocity),\mathbf{B}' = \mathbf{B} - [\mathbf{v}_0\mathbf{E}]/c^2,Field transformation formulas for transition from a reference frame $K$ to a reference frame $K'$ moving with the velocity $\mathbf{v}_0$ relative to it. In the case $v_0 \ll c$.,"The magnetic field in the moving frame equals the magnetic field in the stationary frame minus the cross product of the relative velocity and the electric field, divided by the speed of light squared.","This formula describes how the magnetic field (B) transforms when observed from a reference frame K' moving at a low velocity (v₀) relative to a stationary frame K. It shows the relativistic effect (even at low speeds, though simplified) where an electric field (E) in one frame can contribute to the magnetic field (B') in a moving frame. '[v₀E]' denotes the cross product v₀ x E.","Eq(B_prime, B - Cross(v_0, E) / c**2)"
Electrodynamics,Electromagnetic Induction. Maxwell's Equations,Parallel Electric Field Transformation (General Case),\mathbf{E}'_{\parallel} = \mathbf{E}_{\parallel},"Field transformation formulas for transition from a reference frame $K$ to a reference frame $K'$ moving with the velocity $\mathbf{v}_0$ relative to it. In the general case, where the symbols $\parallel$ and $\perp$ denote the field components, respectively parallel and perpendicular to the vector $\mathbf{v}_0$.",The parallel component of the electric field in the moving frame equals the parallel component of the electric field in the stationary frame.,"This formula states that the component of the electric field (E) parallel to the relative velocity (v₀) between two inertial frames remains unchanged during a Lorentz transformation, even in the general relativistic case.","Eq(E_prime_parallel, E_parallel)"
Electrodynamics,Electromagnetic Induction. Maxwell's Equations,Parallel Magnetic Field Transformation (General Case),\mathbf{B}'_{\parallel} = \mathbf{B}_{\parallel},"Field transformation formulas for transition from a reference frame $K$ to a reference frame $K'$ moving with the velocity $\mathbf{v}_0$ relative to it. In the general case, where the symbols $\parallel$ and $\perp$ denote the field components, respectively parallel and perpendicular to the vector $\mathbf{v}_0$.",The parallel component of the magnetic field in the moving frame equals the parallel component of the magnetic field in the stationary frame.,"This formula states that the component of the magnetic field (B) parallel to the relative velocity (v₀) between two inertial frames remains unchanged during a Lorentz transformation, even in the general relativistic case.","Eq(B_prime_parallel, B_parallel)"
Electrodynamics,Electromagnetic Induction. Maxwell's Equations,Perpendicular Electric Field Transformation (General Case),\mathbf{E}'_{\perp} = \frac{\mathbf{E}_{\perp} + [\mathbf{v}_0\mathbf{B}]}{\sqrt{1 - (v_0/c)^2}},"Field transformation formulas for transition from a reference frame $K$ to a reference frame $K'$ moving with the velocity $\mathbf{v}_0$ relative to it. In the general case, where the symbols $\parallel$ and $\perp$ denote the field components, respectively parallel and perpendicular to the vector $\mathbf{v}_0$.","The perpendicular component of the electric field in the moving frame equals the sum of the perpendicular electric field in the stationary frame and the cross product of the relative velocity and the magnetic field, all divided by the Lorentz factor.","This formula describes the transformation of the electric field component (E) perpendicular to the relative velocity (v₀) between two inertial frames in the general relativistic case. The denominator is the Lorentz factor, which accounts for relativistic effects at high speeds. '[v₀B]' denotes the cross product v₀ x B.","Eq(E_prime_perp, (E_perp + Cross(v_0, B)) / sqrt(1 - (v_0/c)**2))"
Electrodynamics,Electromagnetic Induction. Maxwell's Equations,Perpendicular Magnetic Field Transformation (General Case),\mathbf{B}'_{\perp} = \frac{\mathbf{B}_{\perp} - [\mathbf{v}_0\mathbf{E}]/c^2}{\sqrt{1 - (v_0/c)^2}},"Field transformation formulas for transition from a reference frame $K$ to a reference frame $K'$ moving with the velocity $\mathbf{v}_0$ relative to it. In the general case, where the symbols $\parallel$ and $\perp$ denote the field components, respectively parallel and perpendicular to the vector $\mathbf{v}_0$.","The perpendicular component of the magnetic field in the moving frame equals the difference between the perpendicular magnetic field in the stationary frame and the cross product of the relative velocity and the electric field divided by the speed of light squared, all divided by the Lorentz factor.","This formula describes the transformation of the magnetic field component (B) perpendicular to the relative velocity (v₀) between two inertial frames in the general relativistic case. The denominator is the Lorentz factor, accounting for relativistic effects. '[v₀E]' denotes the cross product v₀ x E.","Eq(B_prime_perp, (B_perp - Cross(v_0, E) / c**2) / sqrt(1 - (v_0/c)**2))"
